0,1,quad,0,1,22,21
1,1,quad,1,2,23,22
2,1,quad,2,3,24,23
3,1,quad,3,4,25,24
4,1,quad,4,5,26,25
5,1,quad,5,6,27,26
6,1,quad,6,7,28,27
7,1,quad,7,8,29,28
8,1,quad,8,9,30,29
9,1,quad,9,10,31,30
10,1,quad,10,11,32,31
11,1,quad,11,12,33,32
12,1,quad,12,13,34,33
13,1,quad,13,14,35,34
14,1,quad,14,15,36,35
15,1,quad,15,16,37,36
16,1,quad,16,17,38,37
17,1,quad,17,18,39,38
18,1,quad,18,19,40,39
19,1,quad,19,20,41,40
20,1,quad,21,22,43,42
21,1,quad,22,23,44,43
22,1,quad,23,24,45,44
23,1,quad,24,25,46,45
24,1,quad,25,26,47,46
25,1,quad,26,27,48,47
26,1,quad,27,28,49,48
27,1,quad,28,29,50,49
28,1,quad,29,30,51,50
29,1,quad,30,31,52,51
30,1,quad,31,32,53,52
31,1,quad,32,33,54,53
32,1,quad,33,34,55,54
33,1,quad,34,35,56,55
34,1,quad,35,36,57,56
35,1,quad,36,37,58,57
36,1,quad,37,38,59,58
37,1,quad,38,39,60,59
38,1,quad,39,40,61,60
39,1,quad,40,41,62,61
40,1,quad,42,43,64,63
41,1,quad,43,44,65,64
42,1,quad,44,45,66,65
43,1,quad,45,46,67,66
44,1,quad,46,47,68,67
45,1,quad,47,48,69,68
46,1,quad,48,49,70,69
47,1,quad,49,50,71,70
48,1,quad,50,51,72,71
49,1,quad,51,52,73,72
50,1,quad,52,53,74,73
51,1,quad,53,54,75,74
52,1,quad,54,55,76,75
53,1,quad,55,56,77,76
54,1,quad,56,57,78,77
55,1,quad,57,58,79,78
56,1,quad,58,59,80,79
57,1,quad,59,60,81,80
58,1,quad,60,61,82,81
59,1,quad,61,62,83,82
60,1,quad,63,64,85,84
61,1,quad,64,65,86,85
62,1,quad,65,66,87,86
63,1,quad,66,67,88,87
64,1,quad,67,68,89,88
65,1,quad,68,69,90,89
66,1,quad,69,70,91,90
67,1,quad,70,71,92,91
68,1,quad,71,72,93,92
69,1,quad,72,73,94,93
70,1,quad,73,74,95,94
71,1,quad,74,75,96,95
72,1,quad,75,76,97,96
73,1,quad,76,77,98,97
74,1,quad,77,78,99,98
75,1,quad,78,79,100,99
76,1,quad,79,80,101,100
77,1,quad,80,81,102,101
78,1,quad,81,82,103,102
79,1,quad,82,83,104,103
80,1,quad,84,85,106,105
81,1,quad,85,86,107,106
82,1,quad,86,87,108,107
83,1,quad,87,88,109,108
84,1,quad,88,89,110,109
85,1,quad,89,90,111,110
86,1,quad,90,91,112,111
87,1,quad,91,92,113,112
88,1,quad,92,93,114,113
89,1,quad,93,94,115,114
90,1,quad,94,95,116,115
91,1,quad,95,96,117,116
92,1,quad,96,97,118,117
93,1,quad,97,98,119,118
94,1,quad,98,99,120,119
95,1,quad,99,100,121,120
96,1,quad,100,101,122,121
97,1,quad,101,102,123,122
98,1,quad,102,103,124,123
99,1,quad,103,104,125,124
100,1,quad,105,106,127,126
101,1,quad,106,107,128,127
102,1,quad,107,108,129,128
103,1,quad,108,109,130,129
104,1,quad,109,110,131,130
105,1,quad,110,111,132,131
106,1,quad,111,112,133,132
107,1,quad,112,113,134,133
108,1,quad,113,114,135,134
109,1,quad,114,115,136,135
110,1,quad,115,116,137,136
111,1,quad,116,117,138,137
112,1,quad,117,118,139,138
113,1,quad,118,119,140,139
114,1,quad,119,120,141,140
115,1,quad,120,121,142,141
116,1,quad,121,122,143,142
117,1,quad,122,123,144,143
118,1,quad,123,124,145,144
119,1,quad,124,125,146,145
120,1,quad,126,127,148,147
121,1,quad,127,128,149,148
122,1,quad,128,129,150,149
123,1,quad,129,130,151,150
124,1,quad,130,131,152,151
125,1,quad,131,132,153,152
126,1,quad,132,133,154,153
127,1,quad,133,134,155,154
128,1,quad,134,135,156,155
129,1,quad,135,136,157,156
130,1,quad,136,137,158,157
131,1,quad,137,138,159,158
132,1,quad,138,139,160,159
133,1,quad,139,140,161,160
134,1,quad,140,141,162,161
135,1,quad,141,142,163,162
136,1,quad,142,143,164,163
137,1,quad,143,144,165,164
138,1,quad,144,145,166,165
139,1,quad,145,146,167,166
140,1,quad,147,148,169,168
141,1,quad,148,149,170,169
142,1,quad,149,150,171,170
143,1,quad,150,151,172,171
144,1,quad,151,152,173,172
145,1,quad,152,153,174,173
146,1,quad,153,154,175,174
147,1,quad,154,155,176,175
148,1,quad,155,156,177,176
149,1,quad,156,157,178,177
150,1,quad,157,158,179,178
151,1,quad,158,159,180,179
152,1,quad,159,160,181,180
153,1,quad,160,161,182,181
154,1,quad,161,162,183,182
155,1,quad,162,163,184,183
156,1,quad,163,164,185,184
157,1,quad,164,165,186,185
158,1,quad,165,166,187,186
159,1,quad,166,167,188,187
160,1,quad,168,169,190,189
161,1,quad,169,170,191,190
162,1,quad,170,171,192,191
163,1,quad,171,172,193,192
164,1,quad,172,173,194,193
165,1,quad,173,174,195,194
166,1,quad,174,175,196,195
167,1,quad,175,176,197,196
168,1,quad,176,177,198,197
169,1,quad,177,178,199,198
170,1,quad,178,179,200,199
171,1,quad,179,180,201,200
172,1,quad,180,181,202,201
173,1,quad,181,182,203,202
174,1,quad,182,183,204,203
175,1,quad,183,184,205,204
176,1,quad,184,185,206,205
177,1,quad,185,186,207,206
178,1,quad,186,187,208,207
179,1,quad,187,188,209,208
180,1,quad,189,190,211,210
181,1,quad,190,191,212,211
182,1,quad,191,192,213,212
183,1,quad,192,193,214,213
184,1,quad,193,194,215,214
185,1,quad,194,195,216,215
186,1,quad,195,196,217,216
187,1,quad,196,197,218,217
188,1,quad,197,198,219,218
189,1,quad,198,199,220,219
190,1,quad,199,200,221,220
191,1,quad,200,201,222,221
192,1,quad,201,202,223,222
193,1,quad,202,203,224,223
194,1,quad,203,204,225,224
195,1,quad,204,205,226,225
196,1,quad,205,206,227,226
197,1,quad,206,207,228,227
198,1,quad,207,208,229,228
199,1,quad,208,209,230,229
200,1,quad,210,211,232,231
201,1,quad,211,212,233,232
202,1,quad,212,213,234,233
203,1,quad,213,214,235,234
204,1,quad,214,215,236,235
205,1,quad,215,216,237,236
206,1,quad,216,217,238,237
207,1,quad,217,218,239,238
208,1,quad,218,219,240,239
209,1,quad,219,220,241,240
210,1,quad,220,221,242,241
211,1,quad,221,222,243,242
212,1,quad,222,223,244,243
213,1,quad,223,224,245,244
214,1,quad,224,225,246,245
215,1,quad,225,226,247,246
216,1,quad,226,227,248,247
217,1,quad,227,228,249,248
218,1,quad,228,229,250,249
219,1,quad,229,230,251,250
220,1,quad,231,232,253,252
221,1,quad,232,233,254,253
222,1,quad,233,234,255,254
223,1,quad,234,235,256,255
224,1,quad,235,236,257,256
225,1,quad,236,237,258,257
226,1,quad,237,238,259,258
227,1,quad,238,239,260,259
228,1,quad,239,240,261,260
229,1,quad,240,241,262,261
230,1,quad,241,242,263,262
231,1,quad,242,243,264,263
232,1,quad,243,244,265,264
233,1,quad,244,245,266,265
234,1,quad,245,246,267,266
235,1,quad,246,247,268,267
236,1,quad,247,248,269,268
237,1,quad,248,249,270,269
238,1,quad,249,250,271,270
239,1,quad,250,251,272,271
240,1,quad,252,253,274,273
241,1,quad,253,254,275,274
242,1,quad,254,255,276,275
243,1,quad,255,256,277,276
244,1,quad,256,257,278,277
245,1,quad,257,258,279,278
246,1,quad,258,259,280,279
247,1,quad,259,260,281,280
248,1,quad,260,261,282,281
249,1,quad,261,262,283,282
250,1,quad,262,263,284,283
251,1,quad,263,264,285,284
252,1,quad,264,265,286,285
253,1,quad,265,266,287,286
254,1,quad,266,267,288,287
255,1,quad,267,268,289,288
256,1,quad,268,269,290,289
257,1,quad,269,270,291,290
258,1,quad,270,271,292,291
259,1,quad,271,272,293,292
260,1,quad,273,274,295,294
261,1,quad,274,275,296,295
262,1,quad,275,276,297,296
263,1,quad,276,277,298,297
264,1,quad,277,278,299,298
265,1,quad,278,279,300,299
266,1,quad,279,280,301,300
267,1,quad,280,281,302,301
268,1,quad,281,282,303,302
269,1,quad,282,283,304,303
270,1,quad,283,284,305,304
271,1,quad,284,285,306,305
272,1,quad,285,286,307,306
273,1,quad,286,287,308,307
274,1,quad,287,288,309,308
275,1,quad,288,289,310,309
276,1,quad,289,290,311,310
277,1,quad,290,291,312,311
278,1,quad,291,292,313,312
279,1,quad,292,293,314,313
280,1,quad,294,295,316,315
281,1,quad,295,296,317,316
282,1,quad,296,297,318,317
283,1,quad,297,298,319,318
284,1,quad,298,299,320,319
285,1,quad,299,300,321,320
286,1,quad,300,301,322,321
287,1,quad,301,302,323,322
288,1,quad,302,303,324,323
289,1,quad,303,304,325,324
290,1,quad,304,305,326,325
291,1,quad,305,306,327,326
292,1,quad,306,307,328,327
293,1,quad,307,308,329,328
294,1,quad,308,309,330,329
295,1,quad,309,310,331,330
296,1,quad,310,311,332,331
297,1,quad,311,312,333,332
298,1,quad,312,313,334,333
299,1,quad,313,314,335,334
300,1,quad,315,316,337,336
301,1,quad,316,317,338,337
302,1,quad,317,318,339,338
303,1,quad,318,319,340,339
304,1,quad,319,320,341,340
305,1,quad,320,321,342,341
306,1,quad,321,322,343,342
307,1,quad,322,323,344,343
308,1,quad,323,324,345,344
309,1,quad,324,325,346,345
310,1,quad,325,326,347,346
311,1,quad,326,327,348,347
312,1,quad,327,328,349,348
313,1,quad,328,329,350,349
314,1,quad,329,330,351,350
315,1,quad,330,331,352,351
316,1,quad,331,332,353,352
317,1,quad,332,333,354,353
318,1,quad,333,334,355,354
319,1,quad,334,335,356,355
320,1,quad,336,337,358,357
321,1,quad,337,338,359,358
322,1,quad,338,339,360,359
323,1,quad,339,340,361,360
324,1,quad,340,341,362,361
325,1,quad,341,342,363,362
326,1,quad,342,343,364,363
327,1,quad,343,344,365,364
328,1,quad,344,345,366,365
329,1,quad,345,346,367,366
330,1,quad,346,347,368,367
331,1,quad,347,348,369,368
332,1,quad,348,349,370,369
333,1,quad,349,350,371,370
334,1,quad,350,351,372,371
335,1,quad,351,352,373,372
336,1,quad,352,353,374,373
337,1,quad,353,354,375,374
338,1,quad,354,355,376,375
339,1,quad,355,356,377,376
340,1,quad,357,358,379,378
341,1,quad,358,359,380,379
342,1,quad,359,360,381,380
343,1,quad,360,361,382,381
344,1,quad,361,362,383,382
345,1,quad,362,363,384,383
346,1,quad,363,364,385,384
347,1,quad,364,365,386,385
348,1,quad,365,366,387,386
349,1,quad,366,367,388,387
350,1,quad,367,368,389,388
351,1,quad,368,369,390,389
352,1,quad,369,370,391,390
353,1,quad,370,371,392,391
354,1,quad,371,372,393,392
355,1,quad,372,373,394,393
356,1,quad,373,374,395,394
357,1,quad,374,375,396,395
358,1,quad,375,376,397,396
359,1,quad,376,377,398,397
360,1,quad,378,379,400,399
361,1,quad,379,380,401,400
362,1,quad,380,381,402,401
363,1,quad,381,382,403,402
364,1,quad,382,383,404,403
365,1,quad,383,384,405,404
366,1,quad,384,385,406,405
367,1,quad,385,386,407,406
368,1,quad,386,387,408,407
369,1,quad,387,388,409,408
370,1,quad,388,389,410,409
371,1,quad,389,390,411,410
372,1,quad,390,391,412,411
373,1,quad,391,392,413,412
374,1,quad,392,393,414,413
375,1,quad,393,394,415,414
376,1,quad,394,395,416,415
377,1,quad,395,396,417,416
378,1,quad,396,397,418,417
379,1,quad,397,398,419,418
380,1,quad,399,400,421,420
381,1,quad,400,401,422,421
382,1,quad,401,402,423,422
383,1,quad,402,403,424,423
384,1,quad,403,404,425,424
385,1,quad,404,405,426,425
386,1,quad,405,406,427,426
387,1,quad,406,407,428,427
388,1,quad,407,408,429,428
389,1,quad,408,409,430,429
390,1,quad,409,410,431,430
391,1,quad,410,411,432,431
392,1,quad,411,412,433,432
393,1,quad,412,413,434,433
394,1,quad,413,414,435,434
395,1,quad,414,415,436,435
396,1,quad,415,416,437,436
397,1,quad,416,417,438,437
398,1,quad,417,418,439,438
399,1,quad,418,419,440,439
400,1,quad,189,210,520,441
401,1,quad,168,189,441,442
402,1,quad,147,168,442,443
403,1,quad,126,147,443,444
404,1,quad,105,126,444,445
405,1,quad,84,105,445,446
406,1,quad,63,84,446,447
407,1,quad,42,63,447,448
408,1,quad,21,42,448,449
409,1,quad,0,21,449,450
410,1,quad,1,0,450,451
411,1,quad,2,1,451,452
412,1,quad,3,2,452,453
413,1,quad,4,3,453,454
414,1,quad,5,4,454,455
415,1,quad,6,5,455,456
416,1,quad,7,6,456,457
417,1,quad,8,7,457,458
418,1,quad,9,8,458,459
419,1,quad,10,9,459,460
420,1,quad,11,10,460,461
421,1,quad,12,11,461,462
422,1,quad,13,12,462,463
423,1,quad,14,13,463,464
424,1,quad,15,14,464,465
425,1,quad,16,15,465,466
426,1,quad,17,16,466,467
427,1,quad,18,17,467,468
428,1,quad,19,18,468,469
429,1,quad,20,19,469,470
430,1,quad,41,20,470,471
431,1,quad,62,41,471,472
432,1,quad,83,62,472,473
433,1,quad,104,83,473,474
434,1,quad,125,104,474,475
435,1,quad,146,125,475,476
436,1,quad,167,146,476,477
437,1,quad,188,167,477,478
438,1,quad,209,188,478,479
439,1,quad,230,209,479,480
440,1,quad,251,230,480,481
441,1,quad,272,251,481,482
442,1,quad,293,272,482,483
443,1,quad,314,293,483,484
444,1,quad,335,314,484,485
445,1,quad,356,335,485,486
446,1,quad,377,356,486,487
447,1,quad,398,377,487,488
448,1,quad,419,398,488,489
449,1,quad,440,419,489,490
450,1,quad,439,440,490,491
451,1,quad,438,439,491,492
452,1,quad,437,438,492,493
453,1,quad,436,437,493,494
454,1,quad,435,436,494,495
455,1,quad,434,435,495,496
456,1,quad,433,434,496,497
457,1,quad,432,433,497,498
458,1,quad,431,432,498,499
459,1,quad,430,431,499,500
460,1,quad,429,430,500,501
461,1,quad,428,429,501,502
462,1,quad,427,428,502,503
463,1,quad,426,427,503,504
464,1,quad,425,426,504,505
465,1,quad,424,425,505,506
466,1,quad,423,424,506,507
467,1,quad,422,423,507,508
468,1,quad,421,422,508,509
469,1,quad,420,421,509,510
470,1,quad,399,420,510,511
471,1,quad,378,399,511,512
472,1,quad,357,378,512,513
473,1,quad,336,357,513,514
474,1,quad,315,336,514,515
475,1,quad,294,315,515,516
476,1,quad,273,294,516,517
477,1,quad,252,273,517,518
478,1,quad,231,252,518,519
479,1,quad,210,231,519,520
480,1,quad,441,520,600,521
481,1,quad,442,441,521,522
482,1,quad,443,442,522,523
483,1,quad,444,443,523,524
484,1,quad,445,444,524,525
485,1,quad,446,445,525,526
486,1,quad,447,446,526,527
487,1,quad,448,447,527,528
488,1,quad,449,448,528,529
489,1,quad,450,449,529,530
490,1,quad,451,450,530,531
491,1,quad,452,451,531,532
492,1,quad,453,452,532,533
493,1,quad,454,453,533,534
494,1,quad,455,454,534,535
495,1,quad,456,455,535,536
496,1,quad,457,456,536,537
497,1,quad,458,457,537,538
498,1,quad,459,458,538,539
499,1,quad,460,459,539,540
500,1,quad,461,460,540,541
501,1,quad,462,461,541,542
502,1,quad,463,462,542,543
503,1,quad,464,463,543,544
504,1,quad,465,464,544,545
505,1,quad,466,465,545,546
506,1,quad,467,466,546,547
507,1,quad,468,467,547,548
508,1,quad,469,468,548,549
509,1,quad,470,469,549,550
510,1,quad,471,470,550,551
511,1,quad,472,471,551,552
512,1,quad,473,472,552,553
513,1,quad,474,473,553,554
514,1,quad,475,474,554,555
515,1,quad,476,475,555,556
516,1,quad,477,476,556,557
517,1,quad,478,477,557,558
518,1,quad,479,478,558,559
519,1,quad,480,479,559,560
520,1,quad,481,480,560,561
521,1,quad,482,481,561,562
522,1,quad,483,482,562,563
523,1,quad,484,483,563,564
524,1,quad,485,484,564,565
525,1,quad,486,485,565,566
526,1,quad,487,486,566,567
527,1,quad,488,487,567,568
528,1,quad,489,488,568,569
529,1,quad,490,489,569,570
530,1,quad,491,490,570,571
531,1,quad,492,491,571,572
532,1,quad,493,492,572,573
533,1,quad,494,493,573,574
534,1,quad,495,494,574,575
535,1,quad,496,495,575,576
536,1,quad,497,496,576,577
537,1,quad,498,497,577,578
538,1,quad,499,498,578,579
539,1,quad,500,499,579,580
540,1,quad,501,500,580,581
541,1,quad,502,501,581,582
542,1,quad,503,502,582,583
543,1,quad,504,503,583,584
544,1,quad,505,504,584,585
545,1,quad,506,505,585,586
546,1,quad,507,506,586,587
547,1,quad,508,507,587,588
548,1,quad,509,508,588,589
549,1,quad,510,509,589,590
550,1,quad,511,510,590,591
551,1,quad,512,511,591,592
552,1,quad,513,512,592,593
553,1,quad,514,513,593,594
554,1,quad,515,514,594,595
555,1,quad,516,515,595,596
556,1,quad,517,516,596,597
557,1,quad,518,517,597,598
558,1,quad,519,518,598,599
559,1,quad,520,519,599,600
560,1,quad,521,600,680,601
561,1,quad,522,521,601,602
562,1,quad,523,522,602,603
563,1,quad,524,523,603,604
564,1,quad,525,524,604,605
565,1,quad,526,525,605,606
566,1,quad,527,526,606,607
567,1,quad,528,527,607,608
568,1,quad,529,528,608,609
569,1,quad,530,529,609,610
570,1,quad,531,530,610,611
571,1,quad,532,531,611,612
572,1,quad,533,532,612,613
573,1,quad,534,533,613,614
574,1,quad,535,534,614,615
575,1,quad,536,535,615,616
576,1,quad,537,536,616,617
577,1,quad,538,537,617,618
578,1,quad,539,538,618,619
579,1,quad,540,539,619,620
580,1,quad,541,540,620,621
581,1,quad,542,541,621,622
582,1,quad,543,542,622,623
583,1,quad,544,543,623,624
584,1,quad,545,544,624,625
585,1,quad,546,545,625,626
586,1,quad,547,546,626,627
587,1,quad,548,547,627,628
588,1,quad,549,548,628,629
589,1,quad,550,549,629,630
590,1,quad,551,550,630,631
591,1,quad,552,551,631,632
592,1,quad,553,552,632,633
593,1,quad,554,553,633,634
594,1,quad,555,554,634,635
595,1,quad,556,555,635,636
596,1,quad,557,556,636,637
597,1,quad,558,557,637,638
598,1,quad,559,558,638,639
599,1,quad,560,559,639,640
600,1,quad,561,560,640,641
601,1,quad,562,561,641,642
602,1,quad,563,562,642,643
603,1,quad,564,563,643,644
604,1,quad,565,564,644,645
605,1,quad,566,565,645,646
606,1,quad,567,566,646,647
607,1,quad,568,567,647,648
608,1,quad,569,568,648,649
609,1,quad,570,569,649,650
610,1,quad,571,570,650,651
611,1,quad,572,571,651,652
612,1,quad,573,572,652,653
613,1,quad,574,573,653,654
614,1,quad,575,574,654,655
615,1,quad,576,575,655,656
616,1,quad,577,576,656,657
617,1,quad,578,577,657,658
618,1,quad,579,578,658,659
619,1,quad,580,579,659,660
620,1,quad,581,580,660,661
621,1,quad,582,581,661,662
622,1,quad,583,582,662,663
623,1,quad,584,583,663,664
624,1,quad,585,584,664,665
625,1,quad,586,585,665,666
626,1,quad,587,586,666,667
627,1,quad,588,587,667,668
628,1,quad,589,588,668,669
629,1,quad,590,589,669,670
630,1,quad,591,590,670,671
631,1,quad,592,591,671,672
632,1,quad,593,592,672,673
633,1,quad,594,593,673,674
634,1,quad,595,594,674,675
635,1,quad,596,595,675,676
636,1,quad,597,596,676,677
637,1,quad,598,597,677,678
638,1,quad,599,598,678,679
639,1,quad,600,599,679,680
640,1,quad,601,680,760,681
641,1,quad,602,601,681,682
642,1,quad,603,602,682,683
643,1,quad,604,603,683,684
644,1,quad,605,604,684,685
645,1,quad,606,605,685,686
646,1,quad,607,606,686,687
647,1,quad,608,607,687,688
648,1,quad,609,608,688,689
649,1,quad,610,609,689,690
650,1,quad,611,610,690,691
651,1,quad,612,611,691,692
652,1,quad,613,612,692,693
653,1,quad,614,613,693,694
654,1,quad,615,614,694,695
655,1,quad,616,615,695,696
656,1,quad,617,616,696,697
657,1,quad,618,617,697,698
658,1,quad,619,618,698,699
659,1,quad,620,619,699,700
660,1,quad,621,620,700,701
661,1,quad,622,621,701,702
662,1,quad,623,622,702,703
663,1,quad,624,623,703,704
664,1,quad,625,624,704,705
665,1,quad,626,625,705,706
666,1,quad,627,626,706,707
667,1,quad,628,627,707,708
668,1,quad,629,628,708,709
669,1,quad,630,629,709,710
670,1,quad,631,630,710,711
671,1,quad,632,631,711,712
672,1,quad,633,632,712,713
673,1,quad,634,633,713,714
674,1,quad,635,634,714,715
675,1,quad,636,635,715,716
676,1,quad,637,636,716,717
677,1,quad,638,637,717,718
678,1,quad,639,638,718,719
679,1,quad,640,639,719,720
680,1,quad,641,640,720,721
681,1,quad,642,641,721,722
682,1,quad,643,642,722,723
683,1,quad,644,643,723,724
684,1,quad,645,644,724,725
685,1,quad,646,645,725,726
686,1,quad,647,646,726,727
687,1,quad,648,647,727,728
688,1,quad,649,648,728,729
689,1,quad,650,649,729,730
690,1,quad,651,650,730,731
691,1,quad,652,651,731,732
692,1,quad,653,652,732,733
693,1,quad,654,653,733,734
694,1,quad,655,654,734,735
695,1,quad,656,655,735,736
696,1,quad,657,656,736,737
697,1,quad,658,657,737,738
698,1,quad,659,658,738,739
699,1,quad,660,659,739,740
700,1,quad,661,660,740,741
701,1,quad,662,661,741,742
702,1,quad,663,662,742,743
703,1,quad,664,663,743,744
704,1,quad,665,664,744,745
705,1,quad,666,665,745,746
706,1,quad,667,666,746,747
707,1,quad,668,667,747,748
708,1,quad,669,668,748,749
709,1,quad,670,669,749,750
710,1,quad,671,670,750,751
711,1,quad,672,671,751,752
712,1,quad,673,672,752,753
713,1,quad,674,673,753,754
714,1,quad,675,674,754,755
715,1,quad,676,675,755,756
716,1,quad,677,676,756,757
717,1,quad,678,677,757,758
718,1,quad,679,678,758,759
719,1,quad,680,679,759,760
720,2,quad,681,760,840,761
721,2,quad,682,681,761,762
722,2,quad,683,682,762,763
723,2,quad,684,683,763,764
724,2,quad,685,684,764,765
725,2,quad,686,685,765,766
726,2,quad,687,686,766,767
727,2,quad,688,687,767,768
728,2,quad,689,688,768,769
729,2,quad,690,689,769,770
730,2,quad,691,690,770,771
731,2,quad,692,691,771,772
732,2,quad,693,692,772,773
733,2,quad,694,693,773,774
734,2,quad,695,694,774,775
735,2,quad,696,695,775,776
736,2,quad,697,696,776,777
737,2,quad,698,697,777,778
738,2,quad,699,698,778,779
739,2,quad,700,699,779,780
740,2,quad,701,700,780,781
741,2,quad,702,701,781,782
742,2,quad,703,702,782,783
743,2,quad,704,703,783,784
744,2,quad,705,704,784,785
745,2,quad,706,705,785,786
746,2,quad,707,706,786,787
747,2,quad,708,707,787,788
748,2,quad,709,708,788,789
749,2,quad,710,709,789,790
750,2,quad,711,710,790,791
751,2,quad,712,711,791,792
752,2,quad,713,712,792,793
753,2,quad,714,713,793,794
754,2,quad,715,714,794,795
755,2,quad,716,715,795,796
756,2,quad,717,716,796,797
757,2,quad,718,717,797,798
758,2,quad,719,718,798,799
759,2,quad,720,719,799,800
760,2,quad,721,720,800,801
761,2,quad,722,721,801,802
762,2,quad,723,722,802,803
763,2,quad,724,723,803,804
764,2,quad,725,724,804,805
765,2,quad,726,725,805,806
766,2,quad,727,726,806,807
767,2,quad,728,727,807,808
768,2,quad,729,728,808,809
769,2,quad,730,729,809,810
770,2,quad,731,730,810,811
771,2,quad,732,731,811,812
772,2,quad,733,732,812,813
773,2,quad,734,733,813,814
774,2,quad,735,734,814,815
775,2,quad,736,735,815,816
776,2,quad,737,736,816,817
777,2,quad,738,737,817,818
778,2,quad,739,738,818,819
779,2,quad,740,739,819,820
780,2,quad,741,740,820,821
781,2,quad,742,741,821,822
782,2,quad,743,742,822,823
783,2,quad,744,743,823,824
784,2,quad,745,744,824,825
785,2,quad,746,745,825,826
786,2,quad,747,746,826,827
787,2,quad,748,747,827,828
788,2,quad,749,748,828,829
789,2,quad,750,749,829,830
790,2,quad,751,750,830,831
791,2,quad,752,751,831,832
792,2,quad,753,752,832,833
793,2,quad,754,753,833,834
794,2,quad,755,754,834,835
795,2,quad,756,755,835,836
796,2,quad,757,756,836,837
797,2,quad,758,757,837,838
798,2,quad,759,758,838,839
799,2,quad,760,759,839,840
800,2,quad,761,840,920,841
801,2,quad,762,761,841,842
802,2,quad,763,762,842,843
803,2,quad,764,763,843,844
804,2,quad,765,764,844,845
805,2,quad,766,765,845,846
806,2,quad,767,766,846,847
807,2,quad,768,767,847,848
808,2,quad,769,768,848,849
809,2,quad,770,769,849,850
810,2,quad,771,770,850,851
811,2,quad,772,771,851,852
812,2,quad,773,772,852,853
813,2,quad,774,773,853,854
814,2,quad,775,774,854,855
815,2,quad,776,775,855,856
816,2,quad,777,776,856,857
817,2,quad,778,777,857,858
818,2,quad,779,778,858,859
819,2,quad,780,779,859,860
820,2,quad,781,780,860,861
821,2,quad,782,781,861,862
822,2,quad,783,782,862,863
823,2,quad,784,783,863,864
824,2,quad,785,784,864,865
825,2,quad,786,785,865,866
826,2,quad,787,786,866,867
827,2,quad,788,787,867,868
828,2,quad,789,788,868,869
829,2,quad,790,789,869,870
830,2,quad,791,790,870,871
831,2,quad,792,791,871,872
832,2,quad,793,792,872,873
833,2,quad,794,793,873,874
834,2,quad,795,794,874,875
835,2,quad,796,795,875,876
836,2,quad,797,796,876,877
837,2,quad,798,797,877,878
838,2,quad,799,798,878,879
839,2,quad,800,799,879,880
840,2,quad,801,800,880,881
841,2,quad,802,801,881,882
842,2,quad,803,802,882,883
843,2,quad,804,803,883,884
844,2,quad,805,804,884,885
845,2,quad,806,805,885,886
846,2,quad,807,806,886,887
847,2,quad,808,807,887,888
848,2,quad,809,808,888,889
849,2,quad,810,809,889,890
850,2,quad,811,810,890,891
851,2,quad,812,811,891,892
852,2,quad,813,812,892,893
853,2,quad,814,813,893,894
854,2,quad,815,814,894,895
855,2,quad,816,815,895,896
856,2,quad,817,816,896,897
857,2,quad,818,817,897,898
858,2,quad,819,818,898,899
859,2,quad,820,819,899,900
860,2,quad,821,820,900,901
861,2,quad,822,821,901,902
862,2,quad,823,822,902,903
863,2,quad,824,823,903,904
864,2,quad,825,824,904,905
865,2,quad,826,825,905,906
866,2,quad,827,826,906,907
867,2,quad,828,827,907,908
868,2,quad,829,828,908,909
869,2,quad,830,829,909,910
870,2,quad,831,830,910,911
871,2,quad,832,831,911,912
872,2,quad,833,832,912,913
873,2,quad,834,833,913,914
874,2,quad,835,834,914,915
875,2,quad,836,835,915,916
876,2,quad,837,836,916,917
877,2,quad,838,837,917,918
878,2,quad,839,838,918,919
879,2,quad,840,839,919,920
880,2,quad,841,920,1000,921
881,2,quad,842,841,921,922
882,2,quad,843,842,922,923
883,2,quad,844,843,923,924
884,2,quad,845,844,924,925
885,2,quad,846,845,925,926
886,2,quad,847,846,926,927
887,2,quad,848,847,927,928
888,2,quad,849,848,928,929
889,2,quad,850,849,929,930
890,2,quad,851,850,930,931
891,2,quad,852,851,931,932
892,2,quad,853,852,932,933
893,2,quad,854,853,933,934
894,2,quad,855,854,934,935
895,2,quad,856,855,935,936
896,2,quad,857,856,936,937
897,2,quad,858,857,937,938
898,2,quad,859,858,938,939
899,2,quad,860,859,939,940
900,2,quad,861,860,940,941
901,2,quad,862,861,941,942
902,2,quad,863,862,942,943
903,2,quad,864,863,943,944
904,2,quad,865,864,944,945
905,2,quad,866,865,945,946
906,2,quad,867,866,946,947
907,2,quad,868,867,947,948
908,2,quad,869,868,948,949
909,2,quad,870,869,949,950
910,2,quad,871,870,950,951
911,2,quad,872,871,951,952
912,2,quad,873,872,952,953
913,2,quad,874,873,953,954
914,2,quad,875,874,954,955
915,2,quad,876,875,955,956
916,2,quad,877,876,956,957
917,2,quad,878,877,957,958
918,2,quad,879,878,958,959
919,2,quad,880,879,959,960
920,2,quad,881,880,960,961
921,2,quad,882,881,961,962
922,2,quad,883,882,962,963
923,2,quad,884,883,963,964
924,2,quad,885,884,964,965
925,2,quad,886,885,965,966
926,2,quad,887,886,966,967
927,2,quad,888,887,967,968
928,2,quad,889,888,968,969
929,2,quad,890,889,969,970
930,2,quad,891,890,970,971
931,2,quad,892,891,971,972
932,2,quad,893,892,972,973
933,2,quad,894,893,973,974
934,2,quad,895,894,974,975
935,2,quad,896,895,975,976
936,2,quad,897,896,976,977
937,2,quad,898,897,977,978
938,2,quad,899,898,978,979
939,2,quad,900,899,979,980
940,2,quad,901,900,980,981
941,2,quad,902,901,981,982
942,2,quad,903,902,982,983
943,2,quad,904,903,983,984
944,2,quad,905,904,984,985
945,2,quad,906,905,985,986
946,2,quad,907,906,986,987
947,2,quad,908,907,987,988
948,2,quad,909,908,988,989
949,2,quad,910,909,989,990
950,2,quad,911,910,990,991
951,2,quad,912,911,991,992
952,2,quad,913,912,992,993
953,2,quad,914,913,993,994
954,2,quad,915,914,994,995
955,2,quad,916,915,995,996
956,2,quad,917,916,996,997
957,2,quad,918,917,997,998
958,2,quad,919,918,998,999
959,2,quad,920,919,999,1000
960,2,quad,921,1000,1080,1001
961,2,quad,922,921,1001,1002
962,2,quad,923,922,1002,1003
963,2,quad,924,923,1003,1004
964,2,quad,925,924,1004,1005
965,2,quad,926,925,1005,1006
966,2,quad,927,926,1006,1007
967,2,quad,928,927,1007,1008
968,2,quad,929,928,1008,1009
969,2,quad,930,929,1009,1010
970,2,quad,931,930,1010,1011
971,2,quad,932,931,1011,1012
972,2,quad,933,932,1012,1013
973,2,quad,934,933,1013,1014
974,2,quad,935,934,1014,1015
975,2,quad,936,935,1015,1016
976,2,quad,937,936,1016,1017
977,2,quad,938,937,1017,1018
978,2,quad,939,938,1018,1019
979,2,quad,940,939,1019,1020
980,2,quad,941,940,1020,1021
981,2,quad,942,941,1021,1022
982,2,quad,943,942,1022,1023
983,2,quad,944,943,1023,1024
984,2,quad,945,944,1024,1025
985,2,quad,946,945,1025,1026
986,2,quad,947,946,1026,1027
987,2,quad,948,947,1027,1028
988,2,quad,949,948,1028,1029
989,2,quad,950,949,1029,1030
990,2,quad,951,950,1030,1031
991,2,quad,952,951,1031,1032
992,2,quad,953,952,1032,1033
993,2,quad,954,953,1033,1034
994,2,quad,955,954,1034,1035
995,2,quad,956,955,1035,1036
996,2,quad,957,956,1036,1037
997,2,quad,958,957,1037,1038
998,2,quad,959,958,1038,1039
999,2,quad,960,959,1039,1040
1000,2,quad,961,960,1040,1041
1001,2,quad,962,961,1041,1042
1002,2,quad,963,962,1042,1043
1003,2,quad,964,963,1043,1044
1004,2,quad,965,964,1044,1045
1005,2,quad,966,965,1045,1046
1006,2,quad,967,966,1046,1047
1007,2,quad,968,967,1047,1048
1008,2,quad,969,968,1048,1049
1009,2,quad,970,969,1049,1050
1010,2,quad,971,970,1050,1051
1011,2,quad,972,971,1051,1052
1012,2,quad,973,972,1052,1053
1013,2,quad,974,973,1053,1054
1014,2,quad,975,974,1054,1055
1015,2,quad,976,975,1055,1056
1016,2,quad,977,976,1056,1057
1017,2,quad,978,977,1057,1058
1018,2,quad,979,978,1058,1059
1019,2,quad,980,979,1059,1060
1020,2,quad,981,980,1060,1061
1021,2,quad,982,981,1061,1062
1022,2,quad,983,982,1062,1063
1023,2,quad,984,983,1063,1064
1024,2,quad,985,984,1064,1065
1025,2,quad,986,985,1065,1066
1026,2,quad,987,986,1066,1067
1027,2,quad,988,987,1067,1068
1028,2,quad,989,988,1068,1069
1029,2,quad,990,989,1069,1070
1030,2,quad,991,990,1070,1071
1031,2,quad,992,991,1071,1072
1032,2,quad,993,992,1072,1073
1033,2,quad,994,993,1073,1074
1034,2,quad,995,994,1074,1075
1035,2,quad,996,995,1075,1076
1036,2,quad,997,996,1076,1077
1037,2,quad,998,997,1077,1078
1038,2,quad,999,998,1078,1079
1039,2,quad,1000,999,1079,1080
1040,2,quad,1001,1080,1160,1081
1041,2,quad,1002,1001,1081,1082
1042,2,quad,1003,1002,1082,1083
1043,2,quad,1004,1003,1083,1084
1044,2,quad,1005,1004,1084,1085
1045,2,quad,1006,1005,1085,1086
1046,2,quad,1007,1006,1086,1087
1047,2,quad,1008,1007,1087,1088
1048,2,quad,1009,1008,1088,1089
1049,2,quad,1010,1009,1089,1090
1050,2,quad,1011,1010,1090,1091
1051,2,quad,1012,1011,1091,1092
1052,2,quad,1013,1012,1092,1093
1053,2,quad,1014,1013,1093,1094
1054,2,quad,1015,1014,1094,1095
1055,2,quad,1016,1015,1095,1096
1056,2,quad,1017,1016,1096,1097
1057,2,quad,1018,1017,1097,1098
1058,2,quad,1019,1018,1098,1099
1059,2,quad,1020,1019,1099,1100
1060,2,quad,1021,1020,1100,1101
1061,2,quad,1022,1021,1101,1102
1062,2,quad,1023,1022,1102,1103
1063,2,quad,1024,1023,1103,1104
1064,2,quad,1025,1024,1104,1105
1065,2,quad,1026,1025,1105,1106
1066,2,quad,1027,1026,1106,1107
1067,2,quad,1028,1027,1107,1108
1068,2,quad,1029,1028,1108,1109
1069,2,quad,1030,1029,1109,1110
1070,2,quad,1031,1030,1110,1111
1071,2,quad,1032,1031,1111,1112
1072,2,quad,1033,1032,1112,1113
1073,2,quad,1034,1033,1113,1114
1074,2,quad,1035,1034,1114,1115
1075,2,quad,1036,1035,1115,1116
1076,2,quad,1037,1036,1116,1117
1077,2,quad,1038,1037,1117,1118
1078,2,quad,1039,1038,1118,1119
1079,2,quad,1040,1039,1119,1120
1080,2,quad,1041,1040,1120,1121
1081,2,quad,1042,1041,1121,1122
1082,2,quad,1043,1042,1122,1123
1083,2,quad,1044,1043,1123,1124
1084,2,quad,1045,1044,1124,1125
1085,2,quad,1046,1045,1125,1126
1086,2,quad,1047,1046,1126,1127
1087,2,quad,1048,1047,1127,1128
1088,2,quad,1049,1048,1128,1129
1089,2,quad,1050,1049,1129,1130
1090,2,quad,1051,1050,1130,1131
1091,2,quad,1052,1051,1131,1132
1092,2,quad,1053,1052,1132,1133
1093,2,quad,1054,1053,1133,1134
1094,2,quad,1055,1054,1134,1135
1095,2,quad,1056,1055,1135,1136
1096,2,quad,1057,1056,1136,1137
1097,2,quad,1058,1057,1137,1138
1098,2,quad,1059,1058,1138,1139
1099,2,quad,1060,1059,1139,1140
1100,2,quad,1061,1060,1140,1141
1101,2,quad,1062,1061,1141,1142
1102,2,quad,1063,1062,1142,1143
1103,2,quad,1064,1063,1143,1144
1104,2,quad,1065,1064,1144,1145
1105,2,quad,1066,1065,1145,1146
1106,2,quad,1067,1066,1146,1147
1107,2,quad,1068,1067,1147,1148
1108,2,quad,1069,1068,1148,1149
1109,2,quad,1070,1069,1149,1150
1110,2,quad,1071,1070,1150,1151
1111,2,quad,1072,1071,1151,1152
1112,2,quad,1073,1072,1152,1153
1113,2,quad,1074,1073,1153,1154
1114,2,quad,1075,1074,1154,1155
1115,2,quad,1076,1075,1155,1156
1116,2,quad,1077,1076,1156,1157
1117,2,quad,1078,1077,1157,1158
1118,2,quad,1079,1078,1158,1159
1119,2,quad,1080,1079,1159,1160
1120,2,quad,1081,1160,1240,1161
1121,2,quad,1082,1081,1161,1162
1122,2,quad,1083,1082,1162,1163
1123,2,quad,1084,1083,1163,1164
1124,2,quad,1085,1084,1164,1165
1125,2,quad,1086,1085,1165,1166
1126,2,quad,1087,1086,1166,1167
1127,2,quad,1088,1087,1167,1168
1128,2,quad,1089,1088,1168,1169
1129,2,quad,1090,1089,1169,1170
1130,2,quad,1091,1090,1170,1171
1131,2,quad,1092,1091,1171,1172
1132,2,quad,1093,1092,1172,1173
1133,2,quad,1094,1093,1173,1174
1134,2,quad,1095,1094,1174,1175
1135,2,quad,1096,1095,1175,1176
1136,2,quad,1097,1096,1176,1177
1137,2,quad,1098,1097,1177,1178
1138,2,quad,1099,1098,1178,1179
1139,2,quad,1100,1099,1179,1180
1140,2,quad,1101,1100,1180,1181
1141,2,quad,1102,1101,1181,1182
1142,2,quad,1103,1102,1182,1183
1143,2,quad,1104,1103,1183,1184
1144,2,quad,1105,1104,1184,1185
1145,2,quad,1106,1105,1185,1186
1146,2,quad,1107,1106,1186,1187
1147,2,quad,1108,1107,1187,1188
1148,2,quad,1109,1108,1188,1189
1149,2,quad,1110,1109,1189,1190
1150,2,quad,1111,1110,1190,1191
1151,2,quad,1112,1111,1191,1192
1152,2,quad,1113,1112,1192,1193
1153,2,quad,1114,1113,1193,1194
1154,2,quad,1115,1114,1194,1195
1155,2,quad,1116,1115,1195,1196
1156,2,quad,1117,1116,1196,1197
1157,2,quad,1118,1117,1197,1198
1158,2,quad,1119,1118,1198,1199
1159,2,quad,1120,1119,1199,1200
1160,2,quad,1121,1120,1200,1201
1161,2,quad,1122,1121,1201,1202
1162,2,quad,1123,1122,1202,1203
1163,2,quad,1124,1123,1203,1204
1164,2,quad,1125,1124,1204,1205
1165,2,quad,1126,1125,1205,1206
1166,2,quad,1127,1126,1206,1207
1167,2,quad,1128,1127,1207,1208
1168,2,quad,1129,1128,1208,1209
1169,2,quad,1130,1129,1209,1210
1170,2,quad,1131,1130,1210,1211
1171,2,quad,1132,1131,1211,1212
1172,2,quad,1133,1132,1212,1213
1173,2,quad,1134,1133,1213,1214
1174,2,quad,1135,1134,1214,1215
1175,2,quad,1136,1135,1215,1216
1176,2,quad,1137,1136,1216,1217
1177,2,quad,1138,1137,1217,1218
1178,2,quad,1139,1138,1218,1219
1179,2,quad,1140,1139,1219,1220
1180,2,quad,1141,1140,1220,1221
1181,2,quad,1142,1141,1221,1222
1182,2,quad,1143,1142,1222,1223
1183,2,quad,1144,1143,1223,1224
1184,2,quad,1145,1144,1224,1225
1185,2,quad,1146,1145,1225,1226
1186,2,quad,1147,1146,1226,1227
1187,2,quad,1148,1147,1227,1228
1188,2,quad,1149,1148,1228,1229
1189,2,quad,1150,1149,1229,1230
1190,2,quad,1151,1150,1230,1231
1191,2,quad,1152,1151,1231,1232
1192,2,quad,1153,1152,1232,1233
1193,2,quad,1154,1153,1233,1234
1194,2,quad,1155,1154,1234,1235
1195,2,quad,1156,1155,1235,1236
1196,2,quad,1157,1156,1236,1237
1197,2,quad,1158,1157,1237,1238
1198,2,quad,1159,1158,1238,1239
1199,2,quad,1160,1159,1239,1240
1200,2,quad,1161,1240,1320,1241
1201,2,quad,1162,1161,1241,1242
1202,2,quad,1163,1162,1242,1243
1203,2,quad,1164,1163,1243,1244
1204,2,quad,1165,1164,1244,1245
1205,2,quad,1166,1165,1245,1246
1206,2,quad,1167,1166,1246,1247
1207,2,quad,1168,1167,1247,1248
1208,2,quad,1169,1168,1248,1249
1209,2,quad,1170,1169,1249,1250
1210,2,quad,1171,1170,1250,1251
1211,2,quad,1172,1171,1251,1252
1212,2,quad,1173,1172,1252,1253
1213,2,quad,1174,1173,1253,1254
1214,2,quad,1175,1174,1254,1255
1215,2,quad,1176,1175,1255,1256
1216,2,quad,1177,1176,1256,1257
1217,2,quad,1178,1177,1257,1258
1218,2,quad,1179,1178,1258,1259
1219,2,quad,1180,1179,1259,1260
1220,2,quad,1181,1180,1260,1261
1221,2,quad,1182,1181,1261,1262
1222,2,quad,1183,1182,1262,1263
1223,2,quad,1184,1183,1263,1264
1224,2,quad,1185,1184,1264,1265
1225,2,quad,1186,1185,1265,1266
1226,2,quad,1187,1186,1266,1267
1227,2,quad,1188,1187,1267,1268
1228,2,quad,1189,1188,1268,1269
1229,2,quad,1190,1189,1269,1270
1230,2,quad,1191,1190,1270,1271
1231,2,quad,1192,1191,1271,1272
1232,2,quad,1193,1192,1272,1273
1233,2,quad,1194,1193,1273,1274
1234,2,quad,1195,1194,1274,1275
1235,2,quad,1196,1195,1275,1276
1236,2,quad,1197,1196,1276,1277
1237,2,quad,1198,1197,1277,1278
1238,2,quad,1199,1198,1278,1279
1239,2,quad,1200,1199,1279,1280
1240,2,quad,1201,1200,1280,1281
1241,2,quad,1202,1201,1281,1282
1242,2,quad,1203,1202,1282,1283
1243,2,quad,1204,1203,1283,1284
1244,2,quad,1205,1204,1284,1285
1245,2,quad,1206,1205,1285,1286
1246,2,quad,1207,1206,1286,1287
1247,2,quad,1208,1207,1287,1288
1248,2,quad,1209,1208,1288,1289
1249,2,quad,1210,1209,1289,1290
1250,2,quad,1211,1210,1290,1291
1251,2,quad,1212,1211,1291,1292
1252,2,quad,1213,1212,1292,1293
1253,2,quad,1214,1213,1293,1294
1254,2,quad,1215,1214,1294,1295
1255,2,quad,1216,1215,1295,1296
1256,2,quad,1217,1216,1296,1297
1257,2,quad,1218,1217,1297,1298
1258,2,quad,1219,1218,1298,1299
1259,2,quad,1220,1219,1299,1300
1260,2,quad,1221,1220,1300,1301
1261,2,quad,1222,1221,1301,1302
1262,2,quad,1223,1222,1302,1303
1263,2,quad,1224,1223,1303,1304
1264,2,quad,1225,1224,1304,1305
1265,2,quad,1226,1225,1305,1306
1266,2,quad,1227,1226,1306,1307
1267,2,quad,1228,1227,1307,1308
1268,2,quad,1229,1228,1308,1309
1269,2,quad,1230,1229,1309,1310
1270,2,quad,1231,1230,1310,1311
1271,2,quad,1232,1231,1311,1312
1272,2,quad,1233,1232,1312,1313
1273,2,quad,1234,1233,1313,1314
1274,2,quad,1235,1234,1314,1315
1275,2,quad,1236,1235,1315,1316
1276,2,quad,1237,1236,1316,1317
1277,2,quad,1238,1237,1317,1318
1278,2,quad,1239,1238,1318,1319
1279,2,quad,1240,1239,1319,1320
1280,2,quad,1241,1320,1400,1321
1281,2,quad,1242,1241,1321,1322
1282,2,quad,1243,1242,1322,1323
1283,2,quad,1244,1243,1323,1324
1284,2,quad,1245,1244,1324,1325
1285,2,quad,1246,1245,1325,1326
1286,2,quad,1247,1246,1326,1327
1287,2,quad,1248,1247,1327,1328
1288,2,quad,1249,1248,1328,1329
1289,2,quad,1250,1249,1329,1330
1290,2,quad,1251,1250,1330,1331
1291,2,quad,1252,1251,1331,1332
1292,2,quad,1253,1252,1332,1333
1293,2,quad,1254,1253,1333,1334
1294,2,quad,1255,1254,1334,1335
1295,2,quad,1256,1255,1335,1336
1296,2,quad,1257,1256,1336,1337
1297,2,quad,1258,1257,1337,1338
1298,2,quad,1259,1258,1338,1339
1299,2,quad,1260,1259,1339,1340
1300,2,quad,1261,1260,1340,1341
1301,2,quad,1262,1261,1341,1342
1302,2,quad,1263,1262,1342,1343
1303,2,quad,1264,1263,1343,1344
1304,2,quad,1265,1264,1344,1345
1305,2,quad,1266,1265,1345,1346
1306,2,quad,1267,1266,1346,1347
1307,2,quad,1268,1267,1347,1348
1308,2,quad,1269,1268,1348,1349
1309,2,quad,1270,1269,1349,1350
1310,2,quad,1271,1270,1350,1351
1311,2,quad,1272,1271,1351,1352
1312,2,quad,1273,1272,1352,1353
1313,2,quad,1274,1273,1353,1354
1314,2,quad,1275,1274,1354,1355
1315,2,quad,1276,1275,1355,1356
1316,2,quad,1277,1276,1356,1357
1317,2,quad,1278,1277,1357,1358
1318,2,quad,1279,1278,1358,1359
1319,2,quad,1280,1279,1359,1360
1320,2,quad,1281,1280,1360,1361
1321,2,quad,1282,1281,1361,1362
1322,2,quad,1283,1282,1362,1363
1323,2,quad,1284,1283,1363,1364
1324,2,quad,1285,1284,1364,1365
1325,2,quad,1286,1285,1365,1366
1326,2,quad,1287,1286,1366,1367
1327,2,quad,1288,1287,1367,1368
1328,2,quad,1289,1288,1368,1369
1329,2,quad,1290,1289,1369,1370
1330,2,quad,1291,1290,1370,1371
1331,2,quad,1292,1291,1371,1372
1332,2,quad,1293,1292,1372,1373
1333,2,quad,1294,1293,1373,1374
1334,2,quad,1295,1294,1374,1375
1335,2,quad,1296,1295,1375,1376
1336,2,quad,1297,1296,1376,1377
1337,2,quad,1298,1297,1377,1378
1338,2,quad,1299,1298,1378,1379
1339,2,quad,1300,1299,1379,1380
1340,2,quad,1301,1300,1380,1381
1341,2,quad,1302,1301,1381,1382
1342,2,quad,1303,1302,1382,1383
1343,2,quad,1304,1303,1383,1384
1344,2,quad,1305,1304,1384,1385
1345,2,quad,1306,1305,1385,1386
1346,2,quad,1307,1306,1386,1387
1347,2,quad,1308,1307,1387,1388
1348,2,quad,1309,1308,1388,1389
1349,2,quad,1310,1309,1389,1390
1350,2,quad,1311,1310,1390,1391
1351,2,quad,1312,1311,1391,1392
1352,2,quad,1313,1312,1392,1393
1353,2,quad,1314,1313,1393,1394
1354,2,quad,1315,1314,1394,1395
1355,2,quad,1316,1315,1395,1396
1356,2,quad,1317,1316,1396,1397
1357,2,quad,1318,1317,1397,1398
1358,2,quad,1319,1318,1398,1399
1359,2,quad,1320,1319,1399,1400
1360,2,quad,1321,1400,1480,1401
1361,2,quad,1322,1321,1401,1402
1362,2,quad,1323,1322,1402,1403
1363,2,quad,1324,1323,1403,1404
1364,2,quad,1325,1324,1404,1405
1365,2,quad,1326,1325,1405,1406
1366,2,quad,1327,1326,1406,1407
1367,2,quad,1328,1327,1407,1408
1368,2,quad,1329,1328,1408,1409
1369,2,quad,1330,1329,1409,1410
1370,2,quad,1331,1330,1410,1411
1371,2,quad,1332,1331,1411,1412
1372,2,quad,1333,1332,1412,1413
1373,2,quad,1334,1333,1413,1414
1374,2,quad,1335,1334,1414,1415
1375,2,quad,1336,1335,1415,1416
1376,2,quad,1337,1336,1416,1417
1377,2,quad,1338,1337,1417,1418
1378,2,quad,1339,1338,1418,1419
1379,2,quad,1340,1339,1419,1420
1380,2,quad,1341,1340,1420,1421
1381,2,quad,1342,1341,1421,1422
1382,2,quad,1343,1342,1422,1423
1383,2,quad,1344,1343,1423,1424
1384,2,quad,1345,1344,1424,1425
1385,2,quad,1346,1345,1425,1426
1386,2,quad,1347,1346,1426,1427
1387,2,quad,1348,1347,1427,1428
1388,2,quad,1349,1348,1428,1429
1389,2,quad,1350,1349,1429,1430
1390,2,quad,1351,1350,1430,1431
1391,2,quad,1352,1351,1431,1432
1392,2,quad,1353,1352,1432,1433
1393,2,quad,1354,1353,1433,1434
1394,2,quad,1355,1354,1434,1435
1395,2,quad,1356,1355,1435,1436
1396,2,quad,1357,1356,1436,1437
1397,2,quad,1358,1357,1437,1438
1398,2,quad,1359,1358,1438,1439
1399,2,quad,1360,1359,1439,1440
1400,2,quad,1361,1360,1440,1441
1401,2,quad,1362,1361,1441,1442
1402,2,quad,1363,1362,1442,1443
1403,2,quad,1364,1363,1443,1444
1404,2,quad,1365,1364,1444,1445
1405,2,quad,1366,1365,1445,1446
1406,2,quad,1367,1366,1446,1447
1407,2,quad,1368,1367,1447,1448
1408,2,quad,1369,1368,1448,1449
1409,2,quad,1370,1369,1449,1450
1410,2,quad,1371,1370,1450,1451
1411,2,quad,1372,1371,1451,1452
1412,2,quad,1373,1372,1452,1453
1413,2,quad,1374,1373,1453,1454
1414,2,quad,1375,1374,1454,1455
1415,2,quad,1376,1375,1455,1456
1416,2,quad,1377,1376,1456,1457
1417,2,quad,1378,1377,1457,1458
1418,2,quad,1379,1378,1458,1459
1419,2,quad,1380,1379,1459,1460
1420,2,quad,1381,1380,1460,1461
1421,2,quad,1382,1381,1461,1462
1422,2,quad,1383,1382,1462,1463
1423,2,quad,1384,1383,1463,1464
1424,2,quad,1385,1384,1464,1465
1425,2,quad,1386,1385,1465,1466
1426,2,quad,1387,1386,1466,1467
1427,2,quad,1388,1387,1467,1468
1428,2,quad,1389,1388,1468,1469
1429,2,quad,1390,1389,1469,1470
1430,2,quad,1391,1390,1470,1471
1431,2,quad,1392,1391,1471,1472
1432,2,quad,1393,1392,1472,1473
1433,2,quad,1394,1393,1473,1474
1434,2,quad,1395,1394,1474,1475
1435,2,quad,1396,1395,1475,1476
1436,2,quad,1397,1396,1476,1477
1437,2,quad,1398,1397,1477,1478
1438,2,quad,1399,1398,1478,1479
1439,2,quad,1400,1399,1479,1480
1440,2,quad,1401,1480,1560,1481
1441,2,quad,1402,1401,1481,1482
1442,2,quad,1403,1402,1482,1483
1443,2,quad,1404,1403,1483,1484
1444,2,quad,1405,1404,1484,1485
1445,2,quad,1406,1405,1485,1486
1446,2,quad,1407,1406,1486,1487
1447,2,quad,1408,1407,1487,1488
1448,2,quad,1409,1408,1488,1489
1449,2,quad,1410,1409,1489,1490
1450,2,quad,1411,1410,1490,1491
1451,2,quad,1412,1411,1491,1492
1452,2,quad,1413,1412,1492,1493
1453,2,quad,1414,1413,1493,1494
1454,2,quad,1415,1414,1494,1495
1455,2,quad,1416,1415,1495,1496
1456,2,quad,1417,1416,1496,1497
1457,2,quad,1418,1417,1497,1498
1458,2,quad,1419,1418,1498,1499
1459,2,quad,1420,1419,1499,1500
1460,2,quad,1421,1420,1500,1501
1461,2,quad,1422,1421,1501,1502
1462,2,quad,1423,1422,1502,1503
1463,2,quad,1424,1423,1503,1504
1464,2,quad,1425,1424,1504,1505
1465,2,quad,1426,1425,1505,1506
1466,2,quad,1427,1426,1506,1507
1467,2,quad,1428,1427,1507,1508
1468,2,quad,1429,1428,1508,1509
1469,2,quad,1430,1429,1509,1510
1470,2,quad,1431,1430,1510,1511
1471,2,quad,1432,1431,1511,1512
1472,2,quad,1433,1432,1512,1513
1473,2,quad,1434,1433,1513,1514
1474,2,quad,1435,1434,1514,1515
1475,2,quad,1436,1435,1515,1516
1476,2,quad,1437,1436,1516,1517
1477,2,quad,1438,1437,1517,1518
1478,2,quad,1439,1438,1518,1519
1479,2,quad,1440,1439,1519,1520
1480,2,quad,1441,1440,1520,1521
1481,2,quad,1442,1441,1521,1522
1482,2,quad,1443,1442,1522,1523
1483,2,quad,1444,1443,1523,1524
1484,2,quad,1445,1444,1524,1525
1485,2,quad,1446,1445,1525,1526
1486,2,quad,1447,1446,1526,1527
1487,2,quad,1448,1447,1527,1528
1488,2,quad,1449,1448,1528,1529
1489,2,quad,1450,1449,1529,1530
1490,2,quad,1451,1450,1530,1531
1491,2,quad,1452,1451,1531,1532
1492,2,quad,1453,1452,1532,1533
1493,2,quad,1454,1453,1533,1534
1494,2,quad,1455,1454,1534,1535
1495,2,quad,1456,1455,1535,1536
1496,2,quad,1457,1456,1536,1537
1497,2,quad,1458,1457,1537,1538
1498,2,quad,1459,1458,1538,1539
1499,2,quad,1460,1459,1539,1540
1500,2,quad,1461,1460,1540,1541
1501,2,quad,1462,1461,1541,1542
1502,2,quad,1463,1462,1542,1543
1503,2,quad,1464,1463,1543,1544
1504,2,quad,1465,1464,1544,1545
1505,2,quad,1466,1465,1545,1546
1506,2,quad,1467,1466,1546,1547
1507,2,quad,1468,1467,1547,1548
1508,2,quad,1469,1468,1548,1549
1509,2,quad,1470,1469,1549,1550
1510,2,quad,1471,1470,1550,1551
1511,2,quad,1472,1471,1551,1552
1512,2,quad,1473,1472,1552,1553
1513,2,quad,1474,1473,1553,1554
1514,2,quad,1475,1474,1554,1555
1515,2,quad,1476,1475,1555,1556
1516,2,quad,1477,1476,1556,1557
1517,2,quad,1478,1477,1557,1558
1518,2,quad,1479,1478,1558,1559
1519,2,quad,1480,1479,1559,1560
1520,2,quad,1481,1560,1640,1561
1521,2,quad,1482,1481,1561,1562
1522,2,quad,1483,1482,1562,1563
1523,2,quad,1484,1483,1563,1564
1524,2,quad,1485,1484,1564,1565
1525,2,quad,1486,1485,1565,1566
1526,2,quad,1487,1486,1566,1567
1527,2,quad,1488,1487,1567,1568
1528,2,quad,1489,1488,1568,1569
1529,2,quad,1490,1489,1569,1570
1530,2,quad,1491,1490,1570,1571
1531,2,quad,1492,1491,1571,1572
1532,2,quad,1493,1492,1572,1573
1533,2,quad,1494,1493,1573,1574
1534,2,quad,1495,1494,1574,1575
1535,2,quad,1496,1495,1575,1576
1536,2,quad,1497,1496,1576,1577
1537,2,quad,1498,1497,1577,1578
1538,2,quad,1499,1498,1578,1579
1539,2,quad,1500,1499,1579,1580
1540,2,quad,1501,1500,1580,1581
1541,2,quad,1502,1501,1581,1582
1542,2,quad,1503,1502,1582,1583
1543,2,quad,1504,1503,1583,1584
1544,2,quad,1505,1504,1584,1585
1545,2,quad,1506,1505,1585,1586
1546,2,quad,1507,1506,1586,1587
1547,2,quad,1508,1507,1587,1588
1548,2,quad,1509,1508,1588,1589
1549,2,quad,1510,1509,1589,1590
1550,2,quad,1511,1510,1590,1591
1551,2,quad,1512,1511,1591,1592
1552,2,quad,1513,1512,1592,1593
1553,2,quad,1514,1513,1593,1594
1554,2,quad,1515,1514,1594,1595
1555,2,quad,1516,1515,1595,1596
1556,2,quad,1517,1516,1596,1597
1557,2,quad,1518,1517,1597,1598
1558,2,quad,1519,1518,1598,1599
1559,2,quad,1520,1519,1599,1600
1560,2,quad,1521,1520,1600,1601
1561,2,quad,1522,1521,1601,1602
1562,2,quad,1523,1522,1602,1603
1563,2,quad,1524,1523,1603,1604
1564,2,quad,1525,1524,1604,1605
1565,2,quad,1526,1525,1605,1606
1566,2,quad,1527,1526,1606,1607
1567,2,quad,1528,1527,1607,1608
1568,2,quad,1529,1528,1608,1609
1569,2,quad,1530,1529,1609,1610
1570,2,quad,1531,1530,1610,1611
1571,2,quad,1532,1531,1611,1612
1572,2,quad,1533,1532,1612,1613
1573,2,quad,1534,1533,1613,1614
1574,2,quad,1535,1534,1614,1615
1575,2,quad,1536,1535,1615,1616
1576,2,quad,1537,1536,1616,1617
1577,2,quad,1538,1537,1617,1618
1578,2,quad,1539,1538,1618,1619
1579,2,quad,1540,1539,1619,1620
1580,2,quad,1541,1540,1620,1621
1581,2,quad,1542,1541,1621,1622
1582,2,quad,1543,1542,1622,1623
1583,2,quad,1544,1543,1623,1624
1584,2,quad,1545,1544,1624,1625
1585,2,quad,1546,1545,1625,1626
1586,2,quad,1547,1546,1626,1627
1587,2,quad,1548,1547,1627,1628
1588,2,quad,1549,1548,1628,1629
1589,2,quad,1550,1549,1629,1630
1590,2,quad,1551,1550,1630,1631
1591,2,quad,1552,1551,1631,1632
1592,2,quad,1553,1552,1632,1633
1593,2,quad,1554,1553,1633,1634
1594,2,quad,1555,1554,1634,1635
1595,2,quad,1556,1555,1635,1636
1596,2,quad,1557,1556,1636,1637
1597,2,quad,1558,1557,1637,1638
1598,2,quad,1559,1558,1638,1639
1599,2,quad,1560,1559,1639,1640
1600,2,quad,1561,1640,1720,1641
1601,2,quad,1562,1561,1641,1642
1602,2,quad,1563,1562,1642,1643
1603,2,quad,1564,1563,1643,1644
1604,2,quad,1565,1564,1644,1645
1605,2,quad,1566,1565,1645,1646
1606,2,quad,1567,1566,1646,1647
1607,2,quad,1568,1567,1647,1648
1608,2,quad,1569,1568,1648,1649
1609,2,quad,1570,1569,1649,1650
1610,2,quad,1571,1570,1650,1651
1611,2,quad,1572,1571,1651,1652
1612,2,quad,1573,1572,1652,1653
1613,2,quad,1574,1573,1653,1654
1614,2,quad,1575,1574,1654,1655
1615,2,quad,1576,1575,1655,1656
1616,2,quad,1577,1576,1656,1657
1617,2,quad,1578,1577,1657,1658
1618,2,quad,1579,1578,1658,1659
1619,2,quad,1580,1579,1659,1660
1620,2,quad,1581,1580,1660,1661
1621,2,quad,1582,1581,1661,1662
1622,2,quad,1583,1582,1662,1663
1623,2,quad,1584,1583,1663,1664
1624,2,quad,1585,1584,1664,1665
1625,2,quad,1586,1585,1665,1666
1626,2,quad,1587,1586,1666,1667
1627,2,quad,1588,1587,1667,1668
1628,2,quad,1589,1588,1668,1669
1629,2,quad,1590,1589,1669,1670
1630,2,quad,1591,1590,1670,1671
1631,2,quad,1592,1591,1671,1672
1632,2,quad,1593,1592,1672,1673
1633,2,quad,1594,1593,1673,1674
1634,2,quad,1595,1594,1674,1675
1635,2,quad,1596,1595,1675,1676
1636,2,quad,1597,1596,1676,1677
1637,2,quad,1598,1597,1677,1678
1638,2,quad,1599,1598,1678,1679
1639,2,quad,1600,1599,1679,1680
1640,2,quad,1601,1600,1680,1681
1641,2,quad,1602,1601,1681,1682
1642,2,quad,1603,1602,1682,1683
1643,2,quad,1604,1603,1683,1684
1644,2,quad,1605,1604,1684,1685
1645,2,quad,1606,1605,1685,1686
1646,2,quad,1607,1606,1686,1687
1647,2,quad,1608,1607,1687,1688
1648,2,quad,1609,1608,1688,1689
1649,2,quad,1610,1609,1689,1690
1650,2,quad,1611,1610,1690,1691
1651,2,quad,1612,1611,1691,1692
1652,2,quad,1613,1612,1692,1693
1653,2,quad,1614,1613,1693,1694
1654,2,quad,1615,1614,1694,1695
1655,2,quad,1616,1615,1695,1696
1656,2,quad,1617,1616,1696,1697
1657,2,quad,1618,1617,1697,1698
1658,2,quad,1619,1618,1698,1699
1659,2,quad,1620,1619,1699,1700
1660,2,quad,1621,1620,1700,1701
1661,2,quad,1622,1621,1701,1702
1662,2,quad,1623,1622,1702,1703
1663,2,quad,1624,1623,1703,1704
1664,2,quad,1625,1624,1704,1705
1665,2,quad,1626,1625,1705,1706
1666,2,quad,1627,1626,1706,1707
1667,2,quad,1628,1627,1707,1708
1668,2,quad,1629,1628,1708,1709
1669,2,quad,1630,1629,1709,1710
1670,2,quad,1631,1630,1710,1711
1671,2,quad,1632,1631,1711,1712
1672,2,quad,1633,1632,1712,1713
1673,2,quad,1634,1633,1713,1714
1674,2,quad,1635,1634,1714,1715
1675,2,quad,1636,1635,1715,1716
1676,2,quad,1637,1636,1716,1717
1677,2,quad,1638,1637,1717,1718
1678,2,quad,1639,1638,1718,1719
1679,2,quad,1640,1639,1719,1720
