0,-2.121320343559642e-04,-2.121320343559642e-04
1,-1.909188309203678e-04,-2.209188309203678e-04
2,-1.697056274847714e-04,-2.297056274847714e-04
3,-1.484924240491750e-04,-2.384924240491750e-04
4,-1.272792206135786e-04,-2.472792206135785e-04
5,-1.060660171779821e-04,-2.560660171779821e-04
6,-8.485281374238570e-05,-2.648528137423857e-04
7,-6.363961030678928e-05,-2.736396103067893e-04
8,-4.242640687119285e-05,-2.824264068711928e-04
9,-2.121320343559642e-05,-2.912132034355964e-04
10,0.000000000000000e+00,-3.000000000000000e-04
11,2.121320343559642e-05,-2.912132034355964e-04
12,4.242640687119285e-05,-2.824264068711928e-04
13,6.363961030678928e-05,-2.736396103067893e-04
14,8.485281374238570e-05,-2.648528137423857e-04
15,1.060660171779821e-04,-2.560660171779821e-04
16,1.272792206135786e-04,-2.472792206135785e-04
17,1.484924240491750e-04,-2.384924240491750e-04
18,1.697056274847714e-04,-2.297056274847714e-04
19,1.909188309203678e-04,-2.209188309203678e-04
20,2.121320343559642e-04,-2.121320343559642e-04
21,-2.209188309203678e-04,-1.909188309203678e-04
22,-1.988269478283310e-04,-1.988269478283310e-04
23,-1.767350647362943e-04,-2.067350647362943e-04
24,-1.546431816442575e-04,-2.146431816442575e-04
25,-1.325512985522207e-04,-2.225512985522207e-04
26,-1.104594154601839e-04,-2.304594154601839e-04
27,-8.836753236814713e-05,-2.383675323681471e-04
28,-6.627564927611035e-05,-2.462756492761103e-04
29,-4.418376618407356e-05,-2.541837661840735e-04
30,-2.209188309203678e-05,-2.620918830920367e-04
31,0.000000000000000e+00,-2.699999999999999e-04
32,2.209188309203678e-05,-2.620918830920367e-04
33,4.418376618407356e-05,-2.541837661840735e-04
34,6.627564927611035e-05,-2.462756492761103e-04
35,8.836753236814713e-05,-2.383675323681471e-04
36,1.104594154601839e-04,-2.304594154601839e-04
37,1.325512985522207e-04,-2.225512985522207e-04
38,1.546431816442575e-04,-2.146431816442575e-04
39,1.767350647362943e-04,-2.067350647362943e-04
40,1.988269478283310e-04,-1.988269478283310e-04
41,2.209188309203678e-04,-1.909188309203678e-04
42,-2.297056274847714e-04,-1.697056274847714e-04
43,-2.067350647362943e-04,-1.767350647362943e-04
44,-1.837645019878171e-04,-1.837645019878171e-04
45,-1.607939392393400e-04,-1.907939392393400e-04
46,-1.378233764908628e-04,-1.978233764908628e-04
47,-1.148528137423857e-04,-2.048528137423857e-04
48,-9.188225099390856e-05,-2.118822509939085e-04
49,-6.891168824543142e-05,-2.189116882454314e-04
50,-4.594112549695428e-05,-2.259411254969543e-04
51,-2.297056274847714e-05,-2.329705627484771e-04
52,0.000000000000000e+00,-2.400000000000000e-04
53,2.297056274847714e-05,-2.329705627484771e-04
54,4.594112549695428e-05,-2.259411254969543e-04
55,6.891168824543142e-05,-2.189116882454314e-04
56,9.188225099390856e-05,-2.118822509939085e-04
57,1.148528137423857e-04,-2.048528137423857e-04
58,1.378233764908628e-04,-1.978233764908628e-04
59,1.607939392393400e-04,-1.907939392393400e-04
60,1.837645019878171e-04,-1.837645019878171e-04
61,2.067350647362943e-04,-1.767350647362943e-04
62,2.297056274847714e-04,-1.697056274847714e-04
63,-2.384924240491750e-04,-1.484924240491750e-04
64,-2.146431816442575e-04,-1.546431816442575e-04
65,-1.907939392393400e-04,-1.607939392393400e-04
66,-1.669446968344225e-04,-1.669446968344225e-04
67,-1.430954544295050e-04,-1.730954544295050e-04
68,-1.192462120245875e-04,-1.792462120245875e-04
69,-9.539696961966999e-05,-1.853969696196700e-04
70,-7.154772721475250e-05,-1.915477272147525e-04
71,-4.769848480983499e-05,-1.976984848098350e-04
72,-2.384924240491750e-05,-2.038492424049175e-04
73,0.000000000000000e+00,-2.100000000000000e-04
74,2.384924240491750e-05,-2.038492424049175e-04
75,4.769848480983499e-05,-1.976984848098350e-04
76,7.154772721475250e-05,-1.915477272147525e-04
77,9.539696961966999e-05,-1.853969696196700e-04
78,1.192462120245875e-04,-1.792462120245875e-04
79,1.430954544295050e-04,-1.730954544295050e-04
80,1.669446968344225e-04,-1.669446968344225e-04
81,1.907939392393400e-04,-1.607939392393400e-04
82,2.146431816442575e-04,-1.546431816442575e-04
83,2.384924240491750e-04,-1.484924240491750e-04
84,-2.472792206135785e-04,-1.272792206135786e-04
85,-2.225512985522207e-04,-1.325512985522207e-04
86,-1.978233764908628e-04,-1.378233764908628e-04
87,-1.730954544295050e-04,-1.430954544295050e-04
88,-1.483675323681471e-04,-1.483675323681471e-04
89,-1.236396103067893e-04,-1.536396103067892e-04
90,-9.891168824543141e-05,-1.589116882454314e-04
91,-7.418376618407356e-05,-1.641837661840736e-04
92,-4.945584412271570e-05,-1.694558441227157e-04
93,-2.472792206135785e-05,-1.747279220613578e-04
94,0.000000000000000e+00,-1.800000000000000e-04
95,2.472792206135785e-05,-1.747279220613578e-04
96,4.945584412271570e-05,-1.694558441227157e-04
97,7.418376618407356e-05,-1.641837661840736e-04
98,9.891168824543141e-05,-1.589116882454314e-04
99,1.236396103067893e-04,-1.536396103067892e-04
100,1.483675323681471e-04,-1.483675323681471e-04
101,1.730954544295050e-04,-1.430954544295050e-04
102,1.978233764908628e-04,-1.378233764908628e-04
103,2.225512985522207e-04,-1.325512985522207e-04
104,2.472792206135785e-04,-1.272792206135786e-04
105,-2.560660171779821e-04,-1.060660171779821e-04
106,-2.304594154601839e-04,-1.104594154601839e-04
107,-2.048528137423857e-04,-1.148528137423857e-04
108,-1.792462120245875e-04,-1.192462120245875e-04
109,-1.536396103067892e-04,-1.236396103067893e-04
110,-1.280330085889910e-04,-1.280330085889910e-04
111,-1.024264068711928e-04,-1.324264068711928e-04
112,-7.681980515339462e-05,-1.368198051533946e-04
113,-5.121320343559642e-05,-1.412132034355964e-04
114,-2.560660171779821e-05,-1.456066017177982e-04
115,0.000000000000000e+00,-1.500000000000000e-04
116,2.560660171779821e-05,-1.456066017177982e-04
117,5.121320343559642e-05,-1.412132034355964e-04
118,7.681980515339462e-05,-1.368198051533946e-04
119,1.024264068711928e-04,-1.324264068711928e-04
120,1.280330085889910e-04,-1.280330085889910e-04
121,1.536396103067892e-04,-1.236396103067893e-04
122,1.792462120245875e-04,-1.192462120245875e-04
123,2.048528137423857e-04,-1.148528137423857e-04
124,2.304594154601839e-04,-1.104594154601839e-04
125,2.560660171779821e-04,-1.060660171779821e-04
126,-2.648528137423857e-04,-8.485281374238570e-05
127,-2.383675323681471e-04,-8.836753236814713e-05
128,-2.118822509939085e-04,-9.188225099390856e-05
129,-1.853969696196700e-04,-9.539696961966999e-05
130,-1.589116882454314e-04,-9.891168824543141e-05
131,-1.324264068711928e-04,-1.024264068711928e-04
132,-1.059411254969543e-04,-1.059411254969543e-04
133,-7.945584412271570e-05,-1.094558441227157e-04
134,-5.297056274847713e-05,-1.129705627484771e-04
135,-2.648528137423857e-05,-1.164852813742386e-04
136,0.000000000000000e+00,-1.200000000000000e-04
137,2.648528137423857e-05,-1.164852813742386e-04
138,5.297056274847713e-05,-1.129705627484771e-04
139,7.945584412271570e-05,-1.094558441227157e-04
140,1.059411254969543e-04,-1.059411254969543e-04
141,1.324264068711928e-04,-1.024264068711928e-04
142,1.589116882454314e-04,-9.891168824543141e-05
143,1.853969696196700e-04,-9.539696961966999e-05
144,2.118822509939085e-04,-9.188225099390856e-05
145,2.383675323681471e-04,-8.836753236814713e-05
146,2.648528137423857e-04,-8.485281374238570e-05
147,-2.736396103067893e-04,-6.363961030678928e-05
148,-2.462756492761103e-04,-6.627564927611035e-05
149,-2.189116882454314e-04,-6.891168824543142e-05
150,-1.915477272147525e-04,-7.154772721475250e-05
151,-1.641837661840736e-04,-7.418376618407356e-05
152,-1.368198051533946e-04,-7.681980515339462e-05
153,-1.094558441227157e-04,-7.945584412271570e-05
154,-8.209188309203678e-05,-8.209188309203678e-05
155,-5.472792206135785e-05,-8.472792206135785e-05
156,-2.736396103067892e-05,-8.736396103067892e-05
157,0.000000000000000e+00,-8.999999999999999e-05
158,2.736396103067892e-05,-8.736396103067892e-05
159,5.472792206135785e-05,-8.472792206135785e-05
160,8.209188309203678e-05,-8.209188309203678e-05
161,1.094558441227157e-04,-7.945584412271570e-05
162,1.368198051533946e-04,-7.681980515339462e-05
163,1.641837661840736e-04,-7.418376618407356e-05
164,1.915477272147525e-04,-7.154772721475250e-05
165,2.189116882454314e-04,-6.891168824543142e-05
166,2.462756492761103e-04,-6.627564927611035e-05
167,2.736396103067893e-04,-6.363961030678928e-05
168,-2.824264068711928e-04,-4.242640687119285e-05
169,-2.541837661840735e-04,-4.418376618407356e-05
170,-2.259411254969543e-04,-4.594112549695428e-05
171,-1.976984848098350e-04,-4.769848480983499e-05
172,-1.694558441227157e-04,-4.945584412271570e-05
173,-1.412132034355964e-04,-5.121320343559642e-05
174,-1.129705627484771e-04,-5.297056274847713e-05
175,-8.472792206135785e-05,-5.472792206135785e-05
176,-5.648528137423856e-05,-5.648528137423856e-05
177,-2.824264068711928e-05,-5.824264068711928e-05
178,0.000000000000000e+00,-5.999999999999999e-05
179,2.824264068711928e-05,-5.824264068711928e-05
180,5.648528137423856e-05,-5.648528137423856e-05
181,8.472792206135785e-05,-5.472792206135785e-05
182,1.129705627484771e-04,-5.297056274847713e-05
183,1.412132034355964e-04,-5.121320343559642e-05
184,1.694558441227157e-04,-4.945584412271570e-05
185,1.976984848098350e-04,-4.769848480983499e-05
186,2.259411254969543e-04,-4.594112549695428e-05
187,2.541837661840735e-04,-4.418376618407356e-05
188,2.824264068711928e-04,-4.242640687119285e-05
189,-2.912132034355964e-04,-2.121320343559642e-05
190,-2.620918830920367e-04,-2.209188309203678e-05
191,-2.329705627484771e-04,-2.297056274847714e-05
192,-2.038492424049175e-04,-2.384924240491750e-05
193,-1.747279220613578e-04,-2.472792206135785e-05
194,-1.456066017177982e-04,-2.560660171779821e-05
195,-1.164852813742386e-04,-2.648528137423857e-05
196,-8.736396103067892e-05,-2.736396103067892e-05
197,-5.824264068711928e-05,-2.824264068711928e-05
198,-2.912132034355964e-05,-2.912132034355964e-05
199,0.000000000000000e+00,-3.000000000000000e-05
200,2.912132034355964e-05,-2.912132034355964e-05
201,5.824264068711928e-05,-2.824264068711928e-05
202,8.736396103067892e-05,-2.736396103067892e-05
203,1.164852813742386e-04,-2.648528137423857e-05
204,1.456066017177982e-04,-2.560660171779821e-05
205,1.747279220613578e-04,-2.472792206135785e-05
206,2.038492424049175e-04,-2.384924240491750e-05
207,2.329705627484771e-04,-2.297056274847714e-05
208,2.620918830920367e-04,-2.209188309203678e-05
209,2.912132034355964e-04,-2.121320343559642e-05
210,-3.000000000000000e-04,0.000000000000000e+00
211,-2.699999999999999e-04,0.000000000000000e+00
212,-2.400000000000000e-04,0.000000000000000e+00
213,-2.100000000000000e-04,0.000000000000000e+00
214,-1.800000000000000e-04,0.000000000000000e+00
215,-1.500000000000000e-04,0.000000000000000e+00
216,-1.200000000000000e-04,0.000000000000000e+00
217,-8.999999999999999e-05,0.000000000000000e+00
218,-5.999999999999999e-05,0.000000000000000e+00
219,-3.000000000000000e-05,0.000000000000000e+00
220,0.000000000000000e+00,0.000000000000000e+00
221,3.000000000000000e-05,0.000000000000000e+00
222,5.999999999999999e-05,0.000000000000000e+00
223,8.999999999999999e-05,0.000000000000000e+00
224,1.200000000000000e-04,0.000000000000000e+00
225,1.500000000000000e-04,0.000000000000000e+00
226,1.800000000000000e-04,0.000000000000000e+00
227,2.100000000000000e-04,0.000000000000000e+00
228,2.400000000000000e-04,0.000000000000000e+00
229,2.699999999999999e-04,0.000000000000000e+00
230,3.000000000000000e-04,0.000000000000000e+00
231,-2.912132034355964e-04,2.121320343559642e-05
232,-2.620918830920367e-04,2.209188309203678e-05
233,-2.329705627484771e-04,2.297056274847714e-05
234,-2.038492424049175e-04,2.384924240491750e-05
235,-1.747279220613578e-04,2.472792206135785e-05
236,-1.456066017177982e-04,2.560660171779821e-05
237,-1.164852813742386e-04,2.648528137423857e-05
238,-8.736396103067892e-05,2.736396103067892e-05
239,-5.824264068711928e-05,2.824264068711928e-05
240,-2.912132034355964e-05,2.912132034355964e-05
241,0.000000000000000e+00,3.000000000000000e-05
242,2.912132034355964e-05,2.912132034355964e-05
243,5.824264068711928e-05,2.824264068711928e-05
244,8.736396103067892e-05,2.736396103067892e-05
245,1.164852813742386e-04,2.648528137423857e-05
246,1.456066017177982e-04,2.560660171779821e-05
247,1.747279220613578e-04,2.472792206135785e-05
248,2.038492424049175e-04,2.384924240491750e-05
249,2.329705627484771e-04,2.297056274847714e-05
250,2.620918830920367e-04,2.209188309203678e-05
251,2.912132034355964e-04,2.121320343559642e-05
252,-2.824264068711928e-04,4.242640687119285e-05
253,-2.541837661840735e-04,4.418376618407356e-05
254,-2.259411254969543e-04,4.594112549695428e-05
255,-1.976984848098350e-04,4.769848480983499e-05
256,-1.694558441227157e-04,4.945584412271570e-05
257,-1.412132034355964e-04,5.121320343559642e-05
258,-1.129705627484771e-04,5.297056274847713e-05
259,-8.472792206135785e-05,5.472792206135785e-05
260,-5.648528137423856e-05,5.648528137423856e-05
261,-2.824264068711928e-05,5.824264068711928e-05
262,0.000000000000000e+00,5.999999999999999e-05
263,2.824264068711928e-05,5.824264068711928e-05
264,5.648528137423856e-05,5.648528137423856e-05
265,8.472792206135785e-05,5.472792206135785e-05
266,1.129705627484771e-04,5.297056274847713e-05
267,1.412132034355964e-04,5.121320343559642e-05
268,1.694558441227157e-04,4.945584412271570e-05
269,1.976984848098350e-04,4.769848480983499e-05
270,2.259411254969543e-04,4.594112549695428e-05
271,2.541837661840735e-04,4.418376618407356e-05
272,2.824264068711928e-04,4.242640687119285e-05
273,-2.736396103067893e-04,6.363961030678928e-05
274,-2.462756492761103e-04,6.627564927611035e-05
275,-2.189116882454314e-04,6.891168824543142e-05
276,-1.915477272147525e-04,7.154772721475250e-05
277,-1.641837661840736e-04,7.418376618407356e-05
278,-1.368198051533946e-04,7.681980515339462e-05
279,-1.094558441227157e-04,7.945584412271570e-05
280,-8.209188309203678e-05,8.209188309203678e-05
281,-5.472792206135785e-05,8.472792206135785e-05
282,-2.736396103067892e-05,8.736396103067892e-05
283,0.000000000000000e+00,8.999999999999999e-05
284,2.736396103067892e-05,8.736396103067892e-05
285,5.472792206135785e-05,8.472792206135785e-05
286,8.209188309203678e-05,8.209188309203678e-05
287,1.094558441227157e-04,7.945584412271570e-05
288,1.368198051533946e-04,7.681980515339462e-05
289,1.641837661840736e-04,7.418376618407356e-05
290,1.915477272147525e-04,7.154772721475250e-05
291,2.189116882454314e-04,6.891168824543142e-05
292,2.462756492761103e-04,6.627564927611035e-05
293,2.736396103067893e-04,6.363961030678928e-05
294,-2.648528137423857e-04,8.485281374238570e-05
295,-2.383675323681471e-04,8.836753236814713e-05
296,-2.118822509939085e-04,9.188225099390856e-05
297,-1.853969696196700e-04,9.539696961966999e-05
298,-1.589116882454314e-04,9.891168824543141e-05
299,-1.324264068711928e-04,1.024264068711928e-04
300,-1.059411254969543e-04,1.059411254969543e-04
301,-7.945584412271570e-05,1.094558441227157e-04
302,-5.297056274847713e-05,1.129705627484771e-04
303,-2.648528137423857e-05,1.164852813742386e-04
304,0.000000000000000e+00,1.200000000000000e-04
305,2.648528137423857e-05,1.164852813742386e-04
306,5.297056274847713e-05,1.129705627484771e-04
307,7.945584412271570e-05,1.094558441227157e-04
308,1.059411254969543e-04,1.059411254969543e-04
309,1.324264068711928e-04,1.024264068711928e-04
310,1.589116882454314e-04,9.891168824543141e-05
311,1.853969696196700e-04,9.539696961966999e-05
312,2.118822509939085e-04,9.188225099390856e-05
313,2.383675323681471e-04,8.836753236814713e-05
314,2.648528137423857e-04,8.485281374238570e-05
315,-2.560660171779821e-04,1.060660171779821e-04
316,-2.304594154601839e-04,1.104594154601839e-04
317,-2.048528137423857e-04,1.148528137423857e-04
318,-1.792462120245875e-04,1.192462120245875e-04
319,-1.536396103067892e-04,1.236396103067893e-04
320,-1.280330085889910e-04,1.280330085889910e-04
321,-1.024264068711928e-04,1.324264068711928e-04
322,-7.681980515339462e-05,1.368198051533946e-04
323,-5.121320343559642e-05,1.412132034355964e-04
324,-2.560660171779821e-05,1.456066017177982e-04
325,0.000000000000000e+00,1.500000000000000e-04
326,2.560660171779821e-05,1.456066017177982e-04
327,5.121320343559642e-05,1.412132034355964e-04
328,7.681980515339462e-05,1.368198051533946e-04
329,1.024264068711928e-04,1.324264068711928e-04
330,1.280330085889910e-04,1.280330085889910e-04
331,1.536396103067892e-04,1.236396103067893e-04
332,1.792462120245875e-04,1.192462120245875e-04
333,2.048528137423857e-04,1.148528137423857e-04
334,2.304594154601839e-04,1.104594154601839e-04
335,2.560660171779821e-04,1.060660171779821e-04
336,-2.472792206135785e-04,1.272792206135786e-04
337,-2.225512985522207e-04,1.325512985522207e-04
338,-1.978233764908628e-04,1.378233764908628e-04
339,-1.730954544295050e-04,1.430954544295050e-04
340,-1.483675323681471e-04,1.483675323681471e-04
341,-1.236396103067893e-04,1.536396103067892e-04
342,-9.891168824543141e-05,1.589116882454314e-04
343,-7.418376618407356e-05,1.641837661840736e-04
344,-4.945584412271570e-05,1.694558441227157e-04
345,-2.472792206135785e-05,1.747279220613578e-04
346,0.000000000000000e+00,1.800000000000000e-04
347,2.472792206135785e-05,1.747279220613578e-04
348,4.945584412271570e-05,1.694558441227157e-04
349,7.418376618407356e-05,1.641837661840736e-04
350,9.891168824543141e-05,1.589116882454314e-04
351,1.236396103067893e-04,1.536396103067892e-04
352,1.483675323681471e-04,1.483675323681471e-04
353,1.730954544295050e-04,1.430954544295050e-04
354,1.978233764908628e-04,1.378233764908628e-04
355,2.225512985522207e-04,1.325512985522207e-04
356,2.472792206135785e-04,1.272792206135786e-04
357,-2.384924240491750e-04,1.484924240491750e-04
358,-2.146431816442575e-04,1.546431816442575e-04
359,-1.907939392393400e-04,1.607939392393400e-04
360,-1.669446968344225e-04,1.669446968344225e-04
361,-1.430954544295050e-04,1.730954544295050e-04
362,-1.192462120245875e-04,1.792462120245875e-04
363,-9.539696961966999e-05,1.853969696196700e-04
364,-7.154772721475250e-05,1.915477272147525e-04
365,-4.769848480983499e-05,1.976984848098350e-04
366,-2.384924240491750e-05,2.038492424049175e-04
367,0.000000000000000e+00,2.100000000000000e-04
368,2.384924240491750e-05,2.038492424049175e-04
369,4.769848480983499e-05,1.976984848098350e-04
370,7.154772721475250e-05,1.915477272147525e-04
371,9.539696961966999e-05,1.853969696196700e-04
372,1.192462120245875e-04,1.792462120245875e-04
373,1.430954544295050e-04,1.730954544295050e-04
374,1.669446968344225e-04,1.669446968344225e-04
375,1.907939392393400e-04,1.607939392393400e-04
376,2.146431816442575e-04,1.546431816442575e-04
377,2.384924240491750e-04,1.484924240491750e-04
378,-2.297056274847714e-04,1.697056274847714e-04
379,-2.067350647362943e-04,1.767350647362943e-04
380,-1.837645019878171e-04,1.837645019878171e-04
381,-1.607939392393400e-04,1.907939392393400e-04
382,-1.378233764908628e-04,1.978233764908628e-04
383,-1.148528137423857e-04,2.048528137423857e-04
384,-9.188225099390856e-05,2.118822509939085e-04
385,-6.891168824543142e-05,2.189116882454314e-04
386,-4.594112549695428e-05,2.259411254969543e-04
387,-2.297056274847714e-05,2.329705627484771e-04
388,0.000000000000000e+00,2.400000000000000e-04
389,2.297056274847714e-05,2.329705627484771e-04
390,4.594112549695428e-05,2.259411254969543e-04
391,6.891168824543142e-05,2.189116882454314e-04
392,9.188225099390856e-05,2.118822509939085e-04
393,1.148528137423857e-04,2.048528137423857e-04
394,1.378233764908628e-04,1.978233764908628e-04
395,1.607939392393400e-04,1.907939392393400e-04
396,1.837645019878171e-04,1.837645019878171e-04
397,2.067350647362943e-04,1.767350647362943e-04
398,2.297056274847714e-04,1.697056274847714e-04
399,-2.209188309203678e-04,1.909188309203678e-04
400,-1.988269478283310e-04,1.988269478283310e-04
401,-1.767350647362943e-04,2.067350647362943e-04
402,-1.546431816442575e-04,2.146431816442575e-04
403,-1.325512985522207e-04,2.225512985522207e-04
404,-1.104594154601839e-04,2.304594154601839e-04
405,-8.836753236814713e-05,2.383675323681471e-04
406,-6.627564927611035e-05,2.462756492761103e-04
407,-4.418376618407356e-05,2.541837661840735e-04
408,-2.209188309203678e-05,2.620918830920367e-04
409,0.000000000000000e+00,2.699999999999999e-04
410,2.209188309203678e-05,2.620918830920367e-04
411,4.418376618407356e-05,2.541837661840735e-04
412,6.627564927611035e-05,2.462756492761103e-04
413,8.836753236814713e-05,2.383675323681471e-04
414,1.104594154601839e-04,2.304594154601839e-04
415,1.325512985522207e-04,2.225512985522207e-04
416,1.546431816442575e-04,2.146431816442575e-04
417,1.767350647362943e-04,2.067350647362943e-04
418,1.988269478283310e-04,1.988269478283310e-04
419,2.209188309203678e-04,1.909188309203678e-04
420,-2.121320343559642e-04,2.121320343559642e-04
421,-1.909188309203678e-04,2.209188309203678e-04
422,-1.697056274847714e-04,2.297056274847714e-04
423,-1.484924240491750e-04,2.384924240491750e-04
424,-1.272792206135786e-04,2.472792206135785e-04
425,-1.060660171779821e-04,2.560660171779821e-04
426,-8.485281374238570e-05,2.648528137423857e-04
427,-6.363961030678928e-05,2.736396103067893e-04
428,-4.242640687119285e-05,2.824264068711928e-04
429,-2.121320343559642e-05,2.912132034355964e-04
430,0.000000000000000e+00,3.000000000000000e-04
431,2.121320343559642e-05,2.912132034355964e-04
432,4.242640687119285e-05,2.824264068711928e-04
433,6.363961030678928e-05,2.736396103067893e-04
434,8.485281374238570e-05,2.648528137423857e-04
435,1.060660171779821e-04,2.560660171779821e-04
436,1.272792206135786e-04,2.472792206135785e-04
437,1.484924240491750e-04,2.384924240491750e-04
438,1.697056274847714e-04,2.297056274847714e-04
439,1.909188309203678e-04,2.209188309203678e-04
440,2.121320343559642e-04,2.121320343559642e-04
441,-5.730030804461595e-04,-3.628925663847273e-05
442,-5.645203585911294e-04,-7.259282897846442e-05
443,-5.541324248492831e-04,-1.089216603977391e-04
444,-5.417625717653198e-04,-1.452448080330856e-04
445,-5.273215417673515e-04,-1.814909136858560e-04
446,-5.107220046539566e-04,-2.175435200425059e-04
447,-4.918951443386588e-04,-2.532403936869930e-04
448,-4.708013964390606e-04,-2.883860365256688e-04
449,-4.474493883553996e-04,-3.227523277229263e-04
450,-4.218668971462014e-04,-3.561290201145919e-04
451,-3.861483492801183e-04,-3.801446111768573e-04
452,-3.484333730281064e-04,-4.027385662972392e-04
453,-3.089287840001925e-04,-4.236989170776577e-04
454,-2.678206990215926e-04,-4.428815074387346e-04
455,-2.253197145093210e-04,-4.601644699848291e-04
456,-1.816532814637253e-04,-4.754517738432661e-04
457,-1.370533972788050e-04,-4.886732500670175e-04
458,-9.175727053409778e-05,-4.997796168617209e-04
459,-4.599200089951515e-05,-5.087403556247504e-04
460,-1.680612210489097e-19,-5.155370641625928e-04
461,4.599200089951447e-05,-5.087403556247504e-04
462,9.175727053409744e-05,-4.997796168617209e-04
463,1.370533972788049e-04,-4.886732500670175e-04
464,1.816532814637243e-04,-4.754517738432662e-04
465,2.253197145093212e-04,-4.601644699848288e-04
466,2.678206990215930e-04,-4.428815074387342e-04
467,3.089287840001917e-04,-4.236989170776579e-04
468,3.484333730281065e-04,-4.027385662972389e-04
469,3.861483492801182e-04,-3.801446111768571e-04
470,4.218668971462015e-04,-3.561290201145916e-04
471,4.474493883553998e-04,-3.227523277229260e-04
472,4.708013964390605e-04,-2.883860365256691e-04
473,4.918951443386589e-04,-2.532403936869930e-04
474,5.107220046539568e-04,-2.175435200425058e-04
475,5.273215417673513e-04,-1.814909136858567e-04
476,5.417625717653198e-04,-1.452448080330857e-04
477,5.541324248492831e-04,-1.089216603977390e-04
478,5.645203585911297e-04,-7.259282897846439e-05
479,5.730030804461593e-04,-3.628925663847276e-05
480,5.796328455023045e-04,-1.919757574789244e-19
481,5.730030804461593e-04,3.628925663847252e-05
482,5.645203585911297e-04,7.259282897846453e-05
483,5.541324248492832e-04,1.089216603977387e-04
484,5.417625717653199e-04,1.452448080330856e-04
485,5.273215417673518e-04,1.814909136858557e-04
486,5.107220046539570e-04,2.175435200425055e-04
487,4.918951443386593e-04,2.532403936869926e-04
488,4.708013964390606e-04,2.883860365256691e-04
489,4.474493883554002e-04,3.227523277229259e-04
490,4.218668971462020e-04,3.561290201145914e-04
491,3.861483492801182e-04,3.801446111768574e-04
492,3.484333730281066e-04,4.027385662972391e-04
493,3.089287840001922e-04,4.236989170776578e-04
494,2.678206990215934e-04,4.428815074387341e-04
495,2.253197145093211e-04,4.601644699848290e-04
496,1.816532814637248e-04,4.754517738432662e-04
497,1.370533972788047e-04,4.886732500670177e-04
498,9.175727053409782e-05,4.997796168617209e-04
499,4.599200089951526e-05,5.087403556247505e-04
500,-1.523473318663713e-19,5.155370641625930e-04
501,-4.599200089951492e-05,5.087403556247506e-04
502,-9.175727053409717e-05,4.997796168617212e-04
503,-1.370533972788048e-04,4.886732500670178e-04
504,-1.816532814637246e-04,4.754517738432665e-04
505,-2.253197145093214e-04,4.601644699848291e-04
506,-2.678206990215927e-04,4.428815074387348e-04
507,-3.089287840001923e-04,4.236989170776580e-04
508,-3.484333730281065e-04,4.027385662972393e-04
509,-3.861483492801181e-04,3.801446111768577e-04
510,-4.218668971462017e-04,3.561290201145919e-04
511,-4.474493883553996e-04,3.227523277229267e-04
512,-4.708013964390602e-04,2.883860365256697e-04
513,-4.918951443386589e-04,2.532403936869932e-04
514,-5.107220046539568e-04,2.175435200425059e-04
515,-5.273215417673517e-04,1.814909136858561e-04
516,-5.417625717653199e-04,1.452448080330856e-04
517,-5.541324248492834e-04,1.089216603977383e-04
518,-5.645203585911297e-04,7.259282897846407e-05
519,-5.730030804461594e-04,3.628925663847294e-05
520,-5.796328455023045e-04,7.962378679698585e-20
521,-7.924612544638664e-04,-4.803049852550124e-05
522,-7.842153462275229e-04,-9.608646183192934e-05
523,-7.725804456143281e-04,-1.441873560081093e-04
524,-7.574201053435049e-04,-1.922781398650449e-04
525,-7.385755539771894e-04,-2.402318813838264e-04
526,-7.158914484855932e-04,-2.878414262051086e-04
527,-6.892453787609025e-04,-3.348181934030418e-04
528,-6.585669676491290e-04,-3.808144308175389e-04
529,-6.238715615764831e-04,-4.254243569299023e-04
530,-5.852085703961400e-04,-4.682739839219950e-04
531,-5.381932490760794e-04,-5.041497719098810e-04
532,-4.876266794000431e-04,-5.374967527855294e-04
533,-4.338767451349996e-04,-5.679378769986005e-04
534,-3.772745110334966e-04,-5.952167196036748e-04
535,-3.181945861648947e-04,-6.191165027831923e-04
536,-2.570415605444136e-04,-6.394664067466142e-04
537,-1.942281113158161e-04,-6.561416149167317e-04
538,-1.301761852837279e-04,-6.690544647996418e-04
539,-6.528974751651782e-05,-6.781506698814052e-04
540,-2.989474299001858e-19,-6.833974963259769e-04
541,6.528974751651663e-05,-6.781506698814052e-04
542,1.301761852837272e-04,-6.690544647996418e-04
543,1.942281113158160e-04,-6.561416149167315e-04
544,2.570415605444118e-04,-6.394664067466145e-04
545,3.181945861648949e-04,-6.191165027831919e-04
546,3.772745110334975e-04,-5.952167196036740e-04
547,4.338767451349981e-04,-5.679378769986008e-04
548,4.876266794000433e-04,-5.374967527855288e-04
549,5.381932490760792e-04,-5.041497719098807e-04
550,5.852085703961401e-04,-4.682739839219946e-04
551,6.238715615764835e-04,-4.254243569299019e-04
552,6.585669676491287e-04,-3.808144308175395e-04
553,6.892453787609027e-04,-3.348181934030418e-04
554,7.158914484855935e-04,-2.878414262051084e-04
555,7.385755539771890e-04,-2.402318813838277e-04
556,7.574201053435049e-04,-1.922781398650450e-04
557,7.725804456143282e-04,-1.441873560081091e-04
558,7.842153462275232e-04,-9.608646183192930e-05
559,7.924612544638662e-04,-4.803049852550130e-05
560,7.974111217141604e-04,-3.414866257859914e-19
561,7.924612544638662e-04,4.803049852550088e-05
562,7.842153462275232e-04,9.608646183192954e-05
563,7.725804456143285e-04,1.441873560081087e-04
564,7.574201053435052e-04,1.922781398650448e-04
565,7.385755539771900e-04,2.402318813838258e-04
566,7.158914484855939e-04,2.878414262051079e-04
567,6.892453787609035e-04,3.348181934030411e-04
568,6.585669676491290e-04,3.808144308175395e-04
569,6.238715615764841e-04,4.254243569299015e-04
570,5.852085703961411e-04,4.682739839219942e-04
571,5.381932490760793e-04,5.041497719098811e-04
572,4.876266794000434e-04,5.374967527855291e-04
573,4.338767451349989e-04,5.679378769986006e-04
574,3.772745110334982e-04,5.952167196036739e-04
575,3.181945861648949e-04,6.191165027831922e-04
576,2.570415605444128e-04,6.394664067466145e-04
577,1.942281113158156e-04,6.561416149167320e-04
578,1.301761852837279e-04,6.690544647996419e-04
579,6.528974751651802e-05,6.781506698814053e-04
580,-2.709955516766599e-19,6.833974963259773e-04
581,-6.528974751651741e-05,6.781506698814055e-04
582,-1.301761852837268e-04,6.690544647996424e-04
583,-1.942281113158158e-04,6.561416149167323e-04
584,-2.570415605444124e-04,6.394664067466150e-04
585,-3.181945861648954e-04,6.191165027831923e-04
586,-3.772745110334967e-04,5.952167196036751e-04
587,-4.338767451349991e-04,5.679378769986010e-04
588,-4.876266794000433e-04,5.374967527855296e-04
589,-5.381932490760790e-04,5.041497719098817e-04
590,-5.852085703961404e-04,4.682739839219950e-04
591,-6.238715615764831e-04,4.254243569299030e-04
592,-6.585669676491282e-04,3.808144308175404e-04
593,-6.892453787609026e-04,3.348181934030421e-04
594,-7.158914484855936e-04,2.878414262051086e-04
595,-7.385755539771897e-04,2.402318813838266e-04
596,-7.574201053435053e-04,1.922781398650448e-04
597,-7.725804456143288e-04,1.441873560081079e-04
598,-7.842153462275232e-04,9.608646183192871e-05
599,-7.924612544638663e-04,4.803049852550161e-05
600,-7.974111217141604e-04,1.416348534975355e-19
601,-9.633754789952568e-04,-5.717458833276923e-05
602,-9.553140014194592e-04,-1.143833243595979e-04
603,-9.427079618783719e-04,-1.716523116643984e-04
604,-9.253743876610726e-04,-2.289077412602441e-04
605,-9.031003698679664e-04,-2.859794001867124e-04
606,-8.756775970169827e-04,-3.425894991431086e-04
607,-8.429419199279881e-04,-3.983510576486023e-04
608,-8.047989644325939e-04,-4.527977479383766e-04
609,-7.612693097405193e-04,-5.053854261929624e-04
610,-7.124192133449895e-04,-5.556125832247334e-04
611,-6.566059546355585e-04,-6.007251033115955e-04
612,-5.960305523703901e-04,-6.424465503767745e-04
613,-5.311863303428434e-04,-6.802713095191552e-04
614,-4.625172388824479e-04,-7.138555206988432e-04
615,-3.905256202606401e-04,-7.429084897757955e-04
616,-3.157540205177307e-04,-7.672011512825578e-04
617,-2.387558303501107e-04,-7.865661290180814e-04
618,-1.600968708592891e-04,-8.008858695649273e-04
619,-8.031885004601466e-05,-8.100875759383156e-04
620,-4.008817278036419e-19,-8.141273528060278e-04
621,8.031885004601304e-05,-8.100875759383156e-04
622,1.600968708592883e-04,-8.008858695649273e-04
623,2.387558303501105e-04,-7.865661290180812e-04
624,3.157540205177284e-04,-7.672011512825580e-04
625,3.905256202606403e-04,-7.429084897757948e-04
626,4.625172388824490e-04,-7.138555206988422e-04
627,5.311863303428414e-04,-6.802713095191556e-04
628,5.960305523703903e-04,-6.424465503767739e-04
629,6.566059546355581e-04,-6.007251033115950e-04
630,7.124192133449897e-04,-5.556125832247329e-04
631,7.612693097405197e-04,-5.053854261929618e-04
632,8.047989644325935e-04,-4.527977479383774e-04
633,8.429419199279883e-04,-3.983510576486023e-04
634,8.756775970169830e-04,-3.425894991431083e-04
635,9.031003698679659e-04,-2.859794001867140e-04
636,9.253743876610726e-04,-2.289077412602442e-04
637,9.427079618783720e-04,-1.716523116643981e-04
638,9.553140014194597e-04,-1.143833243595979e-04
639,9.633754789952565e-04,-5.717458833276930e-05
640,9.670170403140714e-04,-4.579258253286587e-19
641,9.633754789952565e-04,5.717458833276875e-05
642,9.553140014194597e-04,1.143833243595982e-04
643,9.427079618783722e-04,1.716523116643975e-04
644,9.253743876610727e-04,2.289077412602440e-04
645,9.031003698679672e-04,2.859794001867116e-04
646,8.756775970169835e-04,3.425894991431076e-04
647,8.429419199279893e-04,3.983510576486013e-04
648,8.047989644325938e-04,4.527977479383773e-04
649,7.612693097405206e-04,5.053854261929614e-04
650,7.124192133449910e-04,5.556125832247323e-04
651,6.566059546355582e-04,6.007251033115956e-04
652,5.960305523703905e-04,6.424465503767742e-04
653,5.311863303428425e-04,6.802713095191554e-04
654,4.625172388824500e-04,7.138555206988421e-04
655,3.905256202606403e-04,7.429084897757952e-04
656,3.157540205177296e-04,7.672011512825580e-04
657,2.387558303501100e-04,7.865661290180817e-04
658,1.600968708592892e-04,8.008858695649275e-04
659,8.031885004601493e-05,8.100875759383158e-04
660,-3.633988926397960e-19,8.141273528060283e-04
661,-8.031885004601411e-05,8.100875759383162e-04
662,-1.600968708592877e-04,8.008858695649283e-04
663,-2.387558303501103e-04,7.865661290180821e-04
664,-3.157540205177292e-04,7.672011512825587e-04
665,-3.905256202606411e-04,7.429084897757955e-04
666,-4.625172388824481e-04,7.138555206988436e-04
667,-5.311863303428427e-04,6.802713095191558e-04
668,-5.960305523703904e-04,6.424465503767748e-04
669,-6.566059546355579e-04,6.007251033115965e-04
670,-7.124192133449902e-04,5.556125832247334e-04
671,-7.612693097405193e-04,5.053854261929633e-04
672,-8.047989644325928e-04,4.527977479383786e-04
673,-8.429419199279881e-04,3.983510576486028e-04
674,-8.756775970169832e-04,3.425894991431086e-04
675,-9.031003698679668e-04,2.859794001867126e-04
676,-9.253743876610729e-04,2.289077412602440e-04
677,-9.427079618783727e-04,1.716523116643965e-04
678,-9.553140014194597e-04,1.143833243595971e-04
679,-9.633754789952567e-04,5.717458833276973e-05
680,-9.670170403140714e-04,1.899291283630214e-19
681,-1.096483567464333e-03,-6.429601031137970e-05
682,-1.088565724584522e-03,-1.286329305741593e-04
683,-1.075203361532714e-03,-1.930420336569360e-04
684,-1.056177271568381e-03,-2.574348942018281e-04
685,-1.031232383508095e-03,-3.216075920282692e-04
686,-1.000119134011131e-03,-3.852273273058800e-04
687,-9.626408674857560e-04,-4.478304859283633e-04
688,-9.186845208760733e-04,-5.088583933872186e-04
689,-8.682747486863660e-04,-5.676591492299503e-04
690,-8.114909293608422e-04,-6.236319305589221e-04
691,-7.488258323589544e-04,-6.759380224901793e-04
692,-6.804555459792594e-04,-7.241815082533874e-04
693,-6.069710867740197e-04,-7.677566461842426e-04
694,-5.289043204198287e-04,-8.062514817450258e-04
695,-4.468570678734630e-04,-8.393177547246462e-04
696,-3.614793154005454e-04,-8.666810378916594e-04
697,-2.734340414866828e-04,-8.881408095874585e-04
698,-1.833991166118992e-04,-9.035562373275439e-04
699,-9.202352304553829e-05,-9.128401081626539e-04
700,-4.802682129283746e-19,-9.159398341814464e-04
701,9.202352304553638e-05,-9.128401081626539e-04
702,1.833991166118982e-04,-9.035562373275439e-04
703,2.734340414866826e-04,-8.881408095874582e-04
704,3.614793154005425e-04,-8.666810378916597e-04
705,4.468570678734634e-04,-8.393177547246454e-04
706,5.289043204198301e-04,-8.062514817450246e-04
707,6.069710867740173e-04,-7.677566461842431e-04
708,6.804555459792597e-04,-7.241815082533865e-04
709,7.488258323589540e-04,-6.759380224901788e-04
710,8.114909293608424e-04,-6.236319305589214e-04
711,8.682747486863664e-04,-5.676591492299496e-04
712,9.186845208760728e-04,-5.088583933872196e-04
713,9.626408674857564e-04,-4.478304859283633e-04
714,1.000119134011131e-03,-3.852273273058796e-04
715,1.031232383508094e-03,-3.216075920282711e-04
716,1.056177271568381e-03,-2.574348942018282e-04
717,1.075203361532714e-03,-1.930420336569356e-04
718,1.088565724584523e-03,-1.286329305741593e-04
719,1.096483567464333e-03,-6.429601031137978e-05
720,1.099106219431691e-03,-5.486087355222878e-19
721,1.096483567464333e-03,6.429601031137912e-05
722,1.088565724584523e-03,1.286329305741597e-04
723,1.075203361532715e-03,1.930420336569349e-04
724,1.056177271568381e-03,2.574348942018279e-04
725,1.031232383508096e-03,3.216075920282682e-04
726,1.000119134011132e-03,3.852273273058788e-04
727,9.626408674857576e-04,4.478304859283621e-04
728,9.186845208760732e-04,5.088583933872194e-04
729,8.682747486863675e-04,5.676591492299490e-04
730,8.114909293608439e-04,6.236319305589208e-04
731,7.488258323589541e-04,6.759380224901795e-04
732,6.804555459792599e-04,7.241815082533869e-04
733,6.069710867740186e-04,7.677566461842429e-04
734,5.289043204198311e-04,8.062514817450245e-04
735,4.468570678734633e-04,8.393177547246460e-04
736,3.614793154005441e-04,8.666810378916597e-04
737,2.734340414866820e-04,8.881408095874589e-04
738,1.833991166118993e-04,9.035562373275441e-04
739,9.202352304553863e-05,9.128401081626542e-04
740,-4.353626634580663e-19,9.159398341814471e-04
741,-9.202352304553765e-05,9.128401081626546e-04
742,-1.833991166118975e-04,9.035562373275450e-04
743,-2.734340414866823e-04,8.881408095874594e-04
744,-3.614793154005435e-04,8.666810378916605e-04
745,-4.468570678734642e-04,8.393177547246462e-04
746,-5.289043204198289e-04,8.062514817450264e-04
747,-6.069710867740189e-04,7.677566461842435e-04
748,-6.804555459792598e-04,7.241815082533877e-04
749,-7.488258323589536e-04,6.759380224901805e-04
750,-8.114909293608429e-04,6.236319305589221e-04
751,-8.682747486863660e-04,5.676591492299514e-04
752,-9.186845208760720e-04,5.088583933872211e-04
753,-9.626408674857561e-04,4.478304859283638e-04
754,-1.000119134011132e-03,3.852273273058800e-04
755,-1.031232383508095e-03,3.216075920282694e-04
756,-1.056177271568381e-03,2.574348942018279e-04
757,-1.075203361532715e-03,1.930420336569338e-04
758,-1.088565724584523e-03,1.286329305741583e-04
759,-1.096483567464333e-03,6.429601031138030e-05
760,-1.099106219431691e-03,2.275407351732220e-19
761,-1.154574567912737e-03,-6.919525569663444e-05
762,-1.146774556076354e-03,-1.385038093082017e-04
763,-1.133611047839544e-03,-2.080331506803984e-04
764,-1.114868098632973e-03,-2.777806265474972e-04
765,-1.090294433168657e-03,-3.476425520883738e-04
766,-1.059644202035191e-03,-4.174075363310048e-04
767,-1.022723676212375e-03,-4.867636212080067e-04
768,-9.794214752159472e-04,-5.553466871035614e-04
769,-9.297618866490033e-04,-6.227623166525033e-04
770,-8.738231076687454e-04,-6.887597720521216e-04
771,-8.012329296988597e-04,-7.402874598797077e-04
772,-7.243901805934951e-04,-7.878130000670387e-04
773,-6.435359377451789e-04,-8.307396654217361e-04
774,-5.589463700659276e-04,-8.686616319941415e-04
775,-4.710281015268945e-04,-9.012358222807122e-04
776,-3.802766888183177e-04,-9.281918929965427e-04
777,-2.872287879443750e-04,-9.493323065882456e-04
778,-1.924549808346259e-04,-9.645183263995471e-04
779,-9.651013562073287e-05,-9.736640373590254e-04
780,-4.685647908468383e-19,-9.767176341533969e-04
781,9.651013562073100e-05,-9.736640373590254e-04
782,1.924549808346250e-04,-9.645183263995471e-04
783,2.872287879443748e-04,-9.493323065882452e-04
784,3.802766888183149e-04,-9.281918929965429e-04
785,4.710281015268949e-04,-9.012358222807114e-04
786,5.589463700659289e-04,-8.686616319941404e-04
787,6.435359377451765e-04,-8.307396654217366e-04
788,7.243901805934956e-04,-7.878130000670378e-04
789,8.012329296988593e-04,-7.402874598797073e-04
790,8.738231076687456e-04,-6.887597720521210e-04
791,9.297618866490038e-04,-6.227623166525025e-04
792,9.794214752159467e-04,-5.553466871035624e-04
793,1.022723676212375e-03,-4.867636212080067e-04
794,1.059644202035192e-03,-4.174075363310044e-04
795,1.090294433168656e-03,-3.476425520883757e-04
796,1.114868098632973e-03,-2.777806265474974e-04
797,1.133611047839544e-03,-2.080331506803980e-04
798,1.146774556076354e-03,-1.385038093082016e-04
799,1.154574567912737e-03,-6.919525569663452e-05
800,1.157158190333469e-03,-5.404444992875957e-19
801,1.154574567912737e-03,6.919525569663386e-05
802,1.146774556076354e-03,1.385038093082020e-04
803,1.133611047839544e-03,2.080331506803973e-04
804,1.114868098632974e-03,2.777806265474970e-04
805,1.090294433168658e-03,3.476425520883728e-04
806,1.059644202035192e-03,4.174075363310036e-04
807,1.022723676212376e-03,4.867636212080055e-04
808,9.794214752159470e-04,5.553466871035623e-04
809,9.297618866490047e-04,6.227623166525020e-04
810,8.738231076687471e-04,6.887597720521203e-04
811,8.012329296988595e-04,7.402874598797079e-04
812,7.243901805934958e-04,7.878130000670382e-04
813,6.435359377451778e-04,8.307396654217364e-04
814,5.589463700659300e-04,8.686616319941402e-04
815,4.710281015268949e-04,9.012358222807120e-04
816,3.802766888183164e-04,9.281918929965429e-04
817,2.872287879443742e-04,9.493323065882459e-04
818,1.924549808346260e-04,9.645183263995473e-04
819,9.651013562073325e-05,9.736640373590258e-04
820,-4.243275127517118e-19,9.767176341533975e-04
821,-9.651013562073228e-05,9.736640373590260e-04
822,-1.924549808346242e-04,9.645183263995482e-04
823,-2.872287879443745e-04,9.493323065882463e-04
824,-3.802766888183158e-04,9.281918929965438e-04
825,-4.710281015268957e-04,9.012358222807122e-04
826,-5.589463700659278e-04,8.686616319941421e-04
827,-6.435359377451780e-04,8.307396654217370e-04
828,-7.243901805934956e-04,7.878130000670390e-04
829,-8.012329296988589e-04,7.402874598797089e-04
830,-8.738231076687461e-04,6.887597720521216e-04
831,-9.297618866490033e-04,6.227623166525045e-04
832,-9.794214752159459e-04,5.553466871035639e-04
833,-1.022723676212375e-03,4.867636212080072e-04
834,-1.059644202035192e-03,4.174075363310048e-04
835,-1.090294433168658e-03,3.476425520883740e-04
836,-1.114868098632974e-03,2.777806265474971e-04
837,-1.133611047839545e-03,2.080331506803962e-04
838,-1.146774556076354e-03,1.385038093082007e-04
839,-1.154574567912737e-03,6.919525569663507e-05
840,-1.157158190333469e-03,2.332669592884630e-19
841,-1.229164871676895e-03,-7.548600983549412e-05
842,-1.221516157860071e-03,-1.511782655494112e-04
843,-1.208607984200754e-03,-2.272821215005387e-04
844,-1.190228594839367e-03,-3.039050579439855e-04
845,-1.166131588513020e-03,-3.810720947779636e-04
846,-1.136075884588848e-03,-4.587277330542492e-04
847,-1.099871511838011e-03,-5.367547448688733e-04
848,-1.057409250240493e-03,-6.150388239752485e-04
849,-1.008712916289047e-03,-6.935161677600608e-04
850,-9.538591903386875e-04,-7.723855564762749e-04
851,-8.685249590976869e-04,-8.229137538820073e-04
852,-7.808033550326890e-04,-8.695174339158298e-04
853,-6.904861248649952e-04,-9.116114441937518e-04
854,-5.975211164380564e-04,-9.487978325951785e-04
855,-5.020643158903305e-04,-9.807401763432431e-04
856,-4.044129884581434e-04,-1.007173376042982e-03
857,-3.049415889064225e-04,-1.027903725807065e-03
858,-2.040829379709487e-04,-1.042795180075309e-03
859,-1.022710588665477e-04,-1.051763490284037e-03
860,-4.535373029157724e-19,-1.054757855995531e-03
861,1.022710588665459e-04,-1.051763490284037e-03
862,2.040829379709478e-04,-1.042795180075309e-03
863,3.049415889064223e-04,-1.027903725807065e-03
864,4.044129884581407e-04,-1.007173376042982e-03
865,5.020643158903308e-04,-9.807401763432424e-04
866,5.975211164380577e-04,-9.487978325951773e-04
867,6.904861248649929e-04,-9.116114441937523e-04
868,7.808033550326893e-04,-8.695174339158289e-04
869,8.685249590976864e-04,-8.229137538820068e-04
870,9.538591903386877e-04,-7.723855564762742e-04
871,1.008712916289048e-03,-6.935161677600599e-04
872,1.057409250240493e-03,-6.150388239752494e-04
873,1.099871511838011e-03,-5.367547448688733e-04
874,1.136075884588848e-03,-4.587277330542487e-04
875,1.166131588513020e-03,-3.810720947779654e-04
876,1.190228594839367e-03,-3.039050579439856e-04
877,1.208607984200755e-03,-2.272821215005383e-04
878,1.221516157860071e-03,-1.511782655494111e-04
879,1.229164871676894e-03,-7.548600983549418e-05
880,1.231698379179373e-03,-5.299614148847216e-19
881,1.229164871676894e-03,7.548600983549353e-05
882,1.221516157860071e-03,1.511782655494115e-04
883,1.208607984200755e-03,2.272821215005376e-04
884,1.190228594839368e-03,3.039050579439853e-04
885,1.166131588513021e-03,3.810720947779626e-04
886,1.136075884588849e-03,4.587277330542479e-04
887,1.099871511838012e-03,5.367547448688721e-04
888,1.057409250240493e-03,6.150388239752493e-04
889,1.008712916289049e-03,6.935161677600593e-04
890,9.538591903386891e-04,7.723855564762736e-04
891,8.685249590976868e-04,8.229137538820075e-04
892,7.808033550326895e-04,8.695174339158294e-04
893,6.904861248649940e-04,9.116114441937521e-04
894,5.975211164380588e-04,9.487978325951772e-04
895,5.020643158903308e-04,9.807401763432431e-04
896,4.044129884581421e-04,1.007173376042982e-03
897,3.049415889064216e-04,1.027903725807066e-03
898,2.040829379709488e-04,1.042795180075309e-03
899,1.022710588665481e-04,1.051763490284037e-03
900,-4.101581020526946e-19,1.054757855995532e-03
901,-1.022710588665472e-04,1.051763490284037e-03
902,-2.040829379709470e-04,1.042795180075310e-03
903,-3.049415889064219e-04,1.027903725807066e-03
904,-4.044129884581416e-04,1.007173376042983e-03
905,-5.020643158903317e-04,9.807401763432431e-04
906,-5.975211164380566e-04,9.487978325951789e-04
907,-6.904861248649944e-04,9.116114441937525e-04
908,-7.808033550326894e-04,8.695174339158301e-04
909,-8.685249590976862e-04,8.229137538820083e-04
910,-9.538591903386882e-04,7.723855564762749e-04
911,-1.008712916289047e-03,6.935161677600620e-04
912,-1.057409250240492e-03,6.150388239752509e-04
913,-1.099871511838011e-03,5.367547448688737e-04
914,-1.136075884588849e-03,4.587277330542492e-04
915,-1.166131588513020e-03,3.810720947779638e-04
916,-1.190228594839368e-03,3.039050579439854e-04
917,-1.208607984200755e-03,2.272821215005364e-04
918,-1.221516157860071e-03,1.511782655494103e-04
919,-1.229164871676894e-03,7.548600983549477e-05
920,-1.231698379179373e-03,2.406195748895116e-19
921,-1.324940763458580e-03,-8.356350191185878e-05
922,-1.317486320237489e-03,-1.674525973069005e-04
923,-1.304906002822591e-03,-2.519983011263479e-04
924,-1.286993433766676e-03,-3.374495079330798e-04
925,-1.263508470181959e-03,-4.239964978354011e-04
926,-1.234216154671362e-03,-5.117839413018564e-04
927,-1.198931341107975e-03,-6.009446490275524e-04
928,-1.157547583564114e-03,-6.916850816351815e-04
929,-1.110088093614589e-03,-7.843659544594308e-04
930,-1.056627604000919e-03,-8.797632406386897e-04
931,-9.549296766042678e-04,-9.290080663238434e-04
932,-8.532393395707473e-04,-9.744280539225282e-04
933,-7.507713873427463e-04,-1.015452913406040e-03
934,-6.470520949647628e-04,-1.051694800287224e-03
935,-5.419156230734232e-04,-1.082825836631502e-03
936,-4.354046255162714e-04,-1.108587656335104e-03
937,-3.276852864445841e-04,-1.128791473469668e-03
938,-2.190135376351061e-04,-1.143304697912439e-03
939,-1.096682342835876e-04,-1.152045220939075e-03
940,-4.342416172139537e-19,-1.154963532398241e-03
941,1.096682342835858e-04,-1.152045220939075e-03
942,2.190135376351052e-04,-1.143304697912439e-03
943,3.276852864445839e-04,-1.128791473469667e-03
944,4.354046255162688e-04,-1.108587656335104e-03
945,5.419156230734237e-04,-1.082825836631501e-03
946,6.470520949647641e-04,-1.051694800287223e-03
947,7.507713873427442e-04,-1.015452913406041e-03
948,8.532393395707477e-04,-9.744280539225274e-04
949,9.549296766042675e-04,-9.290080663238429e-04
950,1.056627604000919e-03,-8.797632406386892e-04
951,1.110088093614590e-03,-7.843659544594300e-04
952,1.157547583564114e-03,-6.916850816351823e-04
953,1.198931341107975e-03,-6.009446490275523e-04
954,1.234216154671363e-03,-5.117839413018559e-04
955,1.263508470181959e-03,-4.239964978354028e-04
956,1.286993433766676e-03,-3.374495079330799e-04
957,1.304906002822591e-03,-2.519983011263475e-04
958,1.317486320237489e-03,-1.674525973069003e-04
959,1.324940763458579e-03,-8.356350191185882e-05
960,1.327409922101422e-03,-5.165008616138498e-19
961,1.324940763458579e-03,8.356350191185820e-05
962,1.317486320237489e-03,1.674525973069007e-04
963,1.304906002822591e-03,2.519983011263468e-04
964,1.286993433766677e-03,3.374495079330796e-04
965,1.263508470181960e-03,4.239964978354001e-04
966,1.234216154671363e-03,5.117839413018551e-04
967,1.198931341107976e-03,6.009446490275512e-04
968,1.157547583564114e-03,6.916850816351822e-04
969,1.110088093614591e-03,7.843659544594295e-04
970,1.056627604000921e-03,8.797632406386885e-04
971,9.549296766042679e-04,9.290080663238435e-04
972,8.532393395707479e-04,9.744280539225277e-04
973,7.507713873427451e-04,1.015452913406040e-03
974,6.470520949647651e-04,1.051694800287223e-03
975,5.419156230734237e-04,1.082825836631502e-03
976,4.354046255162702e-04,1.108587656335104e-03
977,3.276852864445833e-04,1.128791473469668e-03
978,2.190135376351062e-04,1.143304697912440e-03
979,1.096682342835881e-04,1.152045220939075e-03
980,-3.919642098544508e-19,1.154963532398242e-03
981,-1.096682342835871e-04,1.152045220939076e-03
982,-2.190135376351044e-04,1.143304697912440e-03
983,-3.276852864445836e-04,1.128791473469669e-03
984,-4.354046255162697e-04,1.108587656335105e-03
985,-5.419156230734246e-04,1.082825836631502e-03
986,-6.470520949647629e-04,1.051694800287224e-03
987,-7.507713873427453e-04,1.015452913406041e-03
988,-8.532393395707476e-04,9.744280539225285e-04
989,-9.549296766042673e-04,9.290080663238445e-04
990,-1.056627604000919e-03,8.797632406386897e-04
991,-1.110088093614589e-03,7.843659544594321e-04
992,-1.157547583564113e-03,6.916850816351839e-04
993,-1.198931341107975e-03,6.009446490275527e-04
994,-1.234216154671363e-03,5.117839413018564e-04
995,-1.263508470181960e-03,4.239964978354014e-04
996,-1.286993433766677e-03,3.374495079330797e-04
997,-1.304906002822592e-03,2.519983011263456e-04
998,-1.317486320237489e-03,1.674525973068995e-04
999,-1.324940763458579e-03,8.356350191185947e-05
1000,-1.327409922101422e-03,2.500605247258999e-19
1001,-1.447919371763413e-03,-9.393520104893324e-05
1002,-1.440714376780843e-03,-1.883492408504470e-04
1003,-1.428555034873587e-03,-2.837344856342692e-04
1004,-1.411241874608627e-03,-3.805214094238340e-04
1005,-1.388542789006235e-03,-4.791124905149787e-04
1006,-1.360230683055174e-03,-5.799094218465316e-04
1007,-1.326126606178470e-03,-6.833660698444816e-04
1008,-1.286127674451447e-03,-7.901007677065551e-04
1009,-1.240256322719346e-03,-9.010193222875958e-04
1010,-1.188584782939902e-03,-1.017638836633034e-03
1011,-1.065875465907412e-03,-1.065235781361941e-03
1012,-9.462489310657152e-04,-1.109135878666459e-03
1013,-8.281791518948598e-04,-1.148787922148797e-03
1014,-7.106510935632358e-04,-1.183817045772542e-03
1015,-5.930856848221180e-04,-1.213906343391458e-03
1016,-4.751986522133518e-04,-1.238806094613809e-03
1017,-3.568887552812379e-04,-1.258333830859949e-03
1018,-2.381847960144073e-04,-1.272361398874046e-03
1019,-1.191663900433676e-04,-1.280809437538257e-03
1020,-4.094654806543892e-19,-1.283630093460804e-03
1021,1.191663900433659e-04,-1.280809437538257e-03
1022,2.381847960144064e-04,-1.272361398874046e-03
1023,3.568887552812378e-04,-1.258333830859949e-03
1024,4.751986522133493e-04,-1.238806094613810e-03
1025,5.930856848221184e-04,-1.213906343391457e-03
1026,7.106510935632370e-04,-1.183817045772541e-03
1027,8.281791518948578e-04,-1.148787922148798e-03
1028,9.462489310657157e-04,-1.109135878666458e-03
1029,1.065875465907411e-03,-1.065235781361941e-03
1030,1.188584782939903e-03,-1.017638836633033e-03
1031,1.240256322719347e-03,-9.010193222875949e-04
1032,1.286127674451447e-03,-7.901007677065558e-04
1033,1.326126606178471e-03,-6.833660698444816e-04
1034,1.360230683055174e-03,-5.799094218465312e-04
1035,1.388542789006234e-03,-4.791124905149803e-04
1036,1.411241874608627e-03,-3.805214094238341e-04
1037,1.428555034873587e-03,-2.837344856342689e-04
1038,1.440714376780843e-03,-1.883492408504469e-04
1039,1.447919371763412e-03,-9.393520104893327e-05
1040,1.450305904882682e-03,-4.992171790767227e-19
1041,1.447919371763412e-03,9.393520104893266e-05
1042,1.440714376780843e-03,1.883492408504473e-04
1043,1.428555034873587e-03,2.837344856342682e-04
1044,1.411241874608627e-03,3.805214094238338e-04
1045,1.388542789006236e-03,4.791124905149777e-04
1046,1.360230683055175e-03,5.799094218465305e-04
1047,1.326126606178472e-03,6.833660698444805e-04
1048,1.286127674451447e-03,7.901007677065557e-04
1049,1.240256322719348e-03,9.010193222875945e-04
1050,1.188584782939904e-03,1.017638836633033e-03
1051,1.065875465907412e-03,1.065235781361941e-03
1052,9.462489310657159e-04,1.109135878666458e-03
1053,8.281791518948586e-04,1.148787922148798e-03
1054,7.106510935632381e-04,1.183817045772541e-03
1055,5.930856848221185e-04,1.213906343391457e-03
1056,4.751986522133507e-04,1.238806094613810e-03
1057,3.568887552812370e-04,1.258333830859949e-03
1058,2.381847960144074e-04,1.272361398874046e-03
1059,1.191663900433682e-04,1.280809437538257e-03
1060,-3.686028033400816e-19,1.283630093460805e-03
1061,-1.191663900433673e-04,1.280809437538257e-03
1062,-2.381847960144057e-04,1.272361398874046e-03
1063,-3.568887552812373e-04,1.258333830859950e-03
1064,-4.751986522133501e-04,1.238806094613810e-03
1065,-5.930856848221193e-04,1.213906343391458e-03
1066,-7.106510935632360e-04,1.183817045772543e-03
1067,-8.281791518948587e-04,1.148787922148798e-03
1068,-9.462489310657155e-04,1.109135878666459e-03
1069,-1.065875465907411e-03,1.065235781361942e-03
1070,-1.188584782939903e-03,1.017638836633034e-03
1071,-1.240256322719346e-03,9.010193222875973e-04
1072,-1.286127674451446e-03,7.901007677065575e-04
1073,-1.326126606178470e-03,6.833660698444819e-04
1074,-1.360230683055175e-03,5.799094218465316e-04
1075,-1.388542789006235e-03,4.791124905149790e-04
1076,-1.411241874608627e-03,3.805214094238339e-04
1077,-1.428555034873588e-03,2.837344856342670e-04
1078,-1.440714376780843e-03,1.883492408504461e-04
1079,-1.447919371763412e-03,9.393520104893397e-05
1080,-1.450305904882682e-03,2.621829372699801e-19
1081,-1.605827070920416e-03,-1.072527297611178e-04
1082,-1.598942373898172e-03,-2.151810691460338e-04
1083,-1.587323575380775e-03,-3.244845635929177e-04
1084,-1.570780071435225e-03,-4.358268398273333e-04
1085,-1.549090073394626e-03,-5.498828440809683e-04
1086,-1.522036581753579e-03,-6.673842927615586e-04
1087,-1.489448601180733e-03,-7.891972961191493e-04
1088,-1.451227821454975e-03,-9.164690423415016e-04
1089,-1.407395680080786e-03,-1.050805249828762e-03
1090,-1.358021197945138e-03,-1.194674651507449e-03
1091,-1.208332715680409e-03,-1.240155674663715e-03
1092,-1.065675641084242e-03,-1.282104193700831e-03
1093,-9.275727144485433e-04,-1.319993506094411e-03
1094,-7.923138451247180e-04,-1.353465410472922e-03
1095,-6.587893614845630e-04,-1.382217088748830e-03
1096,-5.262952069926387e-04,-1.406009921847238e-03
1097,-3.943867611130217e-04,-1.424669552826887e-03
1098,-2.628011853389312e-04,-1.438073525483303e-03
1099,-1.313622665696657e-04,-1.446146006696129e-03
1100,-3.776522834483933e-19,-1.448841270395510e-03
1101,1.313622665696641e-04,-1.446146006696129e-03
1102,2.628011853389304e-04,-1.438073525483303e-03
1103,3.943867611130215e-04,-1.424669552826886e-03
1104,5.262952069926364e-04,-1.406009921847238e-03
1105,6.587893614845635e-04,-1.382217088748829e-03
1106,7.923138451247192e-04,-1.353465410472921e-03
1107,9.275727144485413e-04,-1.319993506094412e-03
1108,1.065675641084242e-03,-1.282104193700830e-03
1109,1.208332715680409e-03,-1.240155674663715e-03
1110,1.358021197945138e-03,-1.194674651507448e-03
1111,1.407395680080786e-03,-1.050805249828762e-03
1112,1.451227821454974e-03,-9.164690423415021e-04
1113,1.489448601180734e-03,-7.891972961191492e-04
1114,1.522036581753580e-03,-6.673842927615582e-04
1115,1.549090073394626e-03,-5.498828440809699e-04
1116,1.570780071435225e-03,-4.358268398273333e-04
1117,1.587323575380775e-03,-3.244845635929172e-04
1118,1.598942373898173e-03,-2.151810691460337e-04
1119,1.605827070920416e-03,-1.072527297611178e-04
1120,1.608107510740218e-03,-4.770244857293338e-19
1121,1.605827070920416e-03,1.072527297611172e-04
1122,1.598942373898173e-03,2.151810691460340e-04
1123,1.587323575380775e-03,3.244845635929166e-04
1124,1.570780071435225e-03,4.358268398273331e-04
1125,1.549090073394627e-03,5.498828440809674e-04
1126,1.522036581753580e-03,6.673842927615574e-04
1127,1.489448601180735e-03,7.891972961191482e-04
1128,1.451227821454975e-03,9.164690423415020e-04
1129,1.407395680080787e-03,1.050805249828761e-03
1130,1.358021197945140e-03,1.194674651507448e-03
1131,1.208332715680410e-03,1.240155674663715e-03
1132,1.065675641084243e-03,1.282104193700831e-03
1133,9.275727144485421e-04,1.319993506094412e-03
1134,7.923138451247202e-04,1.353465410472921e-03
1135,6.587893614845636e-04,1.382217088748830e-03
1136,5.262952069926377e-04,1.406009921847238e-03
1137,3.943867611130207e-04,1.424669552826887e-03
1138,2.628011853389313e-04,1.438073525483303e-03
1139,1.313622665696663e-04,1.446146006696129e-03
1140,-3.386061559344490e-19,1.448841270395510e-03
1141,-1.313622665696654e-04,1.446146006696130e-03
1142,-2.628011853389296e-04,1.438073525483304e-03
1143,-3.943867611130210e-04,1.424669552826888e-03
1144,-5.262952069926371e-04,1.406009921847239e-03
1145,-6.587893614845644e-04,1.382217088748830e-03
1146,-7.923138451247183e-04,1.353465410472923e-03
1147,-9.275727144485420e-04,1.319993506094412e-03
1148,-1.065675641084242e-03,1.282104193700831e-03
1149,-1.208332715680409e-03,1.240155674663716e-03
1150,-1.358021197945139e-03,1.194674651507449e-03
1151,-1.407395680080786e-03,1.050805249828764e-03
1152,-1.451227821454974e-03,9.164690423415037e-04
1153,-1.489448601180734e-03,7.891972961191494e-04
1154,-1.522036581753580e-03,6.673842927615586e-04
1155,-1.549090073394627e-03,5.498828440809688e-04
1156,-1.570780071435225e-03,4.358268398273332e-04
1157,-1.587323575380776e-03,3.244845635929154e-04
1158,-1.598942373898173e-03,2.151810691460330e-04
1159,-1.605827070920416e-03,1.072527297611186e-04
1160,-1.608107510740218e-03,2.777484270690094e-19
1161,-1.808584576866889e-03,-1.243527756833138e-04
1162,-1.802111150580283e-03,-2.496338197987297e-04
1163,-1.791186423537353e-03,-3.768087011627062e-04
1164,-1.775631177900882e-03,-5.068404205062608e-04
1165,-1.755236873980350e-03,-6.407537798275717e-04
1166,-1.729799475156875e-03,-7.797042540706382e-04
1167,-1.699158200837023e-03,-9.250872850510577e-04
1168,-1.663220613551499e-03,-1.078729124228105e-03
1169,-1.622006870193858e-03,-1.243134194245396e-03
1170,-1.575581868554461e-03,-1.421993145024651e-03
1171,-1.391251451259272e-03,-1.464757271011639e-03
1172,-1.219022577275573e-03,-1.504199913867478e-03
1173,-1.055196579263913e-03,-1.539825834665088e-03
1174,-8.971708972110102e-04,-1.571298229886914e-03
1175,-7.431545550926663e-04,-1.598332370871468e-03
1176,-5.919044842148000e-04,-1.620703892917306e-03
1177,-4.425351552762426e-04,-1.638248854633376e-03
1178,-2.944092559491250e-04,-1.650852114974193e-03
1179,-1.470220825286371e-04,-1.658442370857988e-03
1180,-3.368033282922703e-19,-1.660976627750417e-03
1181,1.470220825286356e-04,-1.658442370857988e-03
1182,2.944092559491243e-04,-1.650852114974193e-03
1183,4.425351552762425e-04,-1.638248854633376e-03
1184,5.919044842147978e-04,-1.620703892917307e-03
1185,7.431545550926669e-04,-1.598332370871467e-03
1186,8.971708972110113e-04,-1.571298229886913e-03
1187,1.055196579263911e-03,-1.539825834665088e-03
1188,1.219022577275574e-03,-1.504199913867477e-03
1189,1.391251451259272e-03,-1.464757271011638e-03
1190,1.575581868554462e-03,-1.421993145024650e-03
1191,1.622006870193859e-03,-1.243134194245395e-03
1192,1.663220613551498e-03,-1.078729124228105e-03
1193,1.699158200837023e-03,-9.250872850510575e-04
1194,1.729799475156875e-03,-7.797042540706378e-04
1195,1.755236873980349e-03,-6.407537798275730e-04
1196,1.775631177900882e-03,-5.068404205062607e-04
1197,1.791186423537353e-03,-3.768087011627057e-04
1198,1.802111150580283e-03,-2.496338197987295e-04
1199,1.808584576866888e-03,-1.243527756833138e-04
1200,1.810728790189106e-03,-4.485285024595284e-19
1201,1.808584576866888e-03,1.243527756833132e-04
1202,1.802111150580283e-03,2.496338197987298e-04
1203,1.791186423537353e-03,3.768087011627051e-04
1204,1.775631177900882e-03,5.068404205062605e-04
1205,1.755236873980350e-03,6.407537798275707e-04
1206,1.729799475156875e-03,7.797042540706370e-04
1207,1.699158200837024e-03,9.250872850510567e-04
1208,1.663220613551499e-03,1.078729124228105e-03
1209,1.622006870193859e-03,1.243134194245395e-03
1210,1.575581868554463e-03,1.421993145024650e-03
1211,1.391251451259273e-03,1.464757271011639e-03
1212,1.219022577275574e-03,1.504199913867478e-03
1213,1.055196579263912e-03,1.539825834665088e-03
1214,8.971708972110122e-04,1.571298229886914e-03
1215,7.431545550926671e-04,1.598332370871468e-03
1216,5.919044842147991e-04,1.620703892917307e-03
1217,4.425351552762416e-04,1.638248854633377e-03
1218,2.944092559491252e-04,1.650852114974193e-03
1219,1.470220825286379e-04,1.658442370857989e-03
1220,-3.000896969701869e-19,1.660976627750417e-03
1221,-1.470220825286370e-04,1.658442370857989e-03
1222,-2.944092559491236e-04,1.650852114974194e-03
1223,-4.425351552762419e-04,1.638248854633377e-03
1224,-5.919044842147984e-04,1.620703892917307e-03
1225,-7.431545550926678e-04,1.598332370871468e-03
1226,-8.971708972110103e-04,1.571298229886915e-03
1227,-1.055196579263911e-03,1.539825834665089e-03
1228,-1.219022577275573e-03,1.504199913867479e-03
1229,-1.391251451259272e-03,1.464757271011640e-03
1230,-1.575581868554462e-03,1.421993145024651e-03
1231,-1.622006870193858e-03,1.243134194245398e-03
1232,-1.663220613551498e-03,1.078729124228107e-03
1233,-1.699158200837023e-03,9.250872850510576e-04
1234,-1.729799475156875e-03,7.797042540706382e-04
1235,-1.755236873980350e-03,6.407537798275722e-04
1236,-1.775631177900883e-03,5.068404205062607e-04
1237,-1.791186423537354e-03,3.768087011627040e-04
1238,-1.802111150580283e-03,2.496338197987289e-04
1239,-1.808584576866889e-03,1.243527756833147e-04
1240,-1.810728790189106e-03,2.977349122583635e-19
1241,-2.068930432744030e-03,-1.463096747404951e-04
1242,-2.062985088666599e-03,-2.938720383254746e-04
1243,-2.052951567259764e-03,-4.439942404355958e-04
1244,-2.038665270726331e-03,-5.980236857296781e-04
1245,-2.019934671402424e-03,-7.574344000140905e-04
1246,-1.996572377349072e-03,-9.239259750994003e-04
1247,-1.968430723959214e-03,-1.099573528154446e-03
1248,-1.935424814528033e-03,-1.287075245355749e-03
1249,-1.897573161611696e-03,-1.490089508724923e-03
1250,-1.854935368838402e-03,-1.713875941053234e-03
1251,-1.626123815406499e-03,-1.753151501151801e-03
1252,-1.415923989938487e-03,-1.789376534498729e-03
1253,-1.219068906261650e-03,-1.822096202235633e-03
1254,-1.031810050729532e-03,-1.851001176240172e-03
1255,-8.514816349391745e-04,-1.875829955139454e-03
1256,-6.761484847125845e-04,-1.896376477214409e-03
1257,-5.043589325466289e-04,-1.912490174908505e-03
1258,-3.349948320895638e-04,-1.924065300028664e-03
1259,-1.671296892467492e-04,-1.931036366179255e-03
1260,-2.843522185680495e-19,-1.933363886187827e-03
1261,1.671296892467479e-04,-1.931036366179255e-03
1262,3.349948320895632e-04,-1.924065300028664e-03
1263,5.043589325466287e-04,-1.912490174908505e-03
1264,6.761484847125827e-04,-1.896376477214409e-03
1265,8.514816349391752e-04,-1.875829955139454e-03
1266,1.031810050729533e-03,-1.851001176240171e-03
1267,1.219068906261648e-03,-1.822096202235633e-03
1268,1.415923989938487e-03,-1.789376534498729e-03
1269,1.626123815406499e-03,-1.753151501151801e-03
1270,1.854935368838402e-03,-1.713875941053233e-03
1271,1.897573161611697e-03,-1.490089508724922e-03
1272,1.935424814528033e-03,-1.287075245355749e-03
1273,1.968430723959214e-03,-1.099573528154446e-03
1274,1.996572377349072e-03,-9.239259750993998e-04
1275,2.019934671402424e-03,-7.574344000140916e-04
1276,2.038665270726331e-03,-5.980236857296779e-04
1277,2.052951567259764e-03,-4.439942404355953e-04
1278,2.062985088666599e-03,-2.938720383254743e-04
1279,2.068930432744029e-03,-1.463096747404950e-04
1280,2.070899727737374e-03,-4.119389265579746e-19
1281,2.068930432744029e-03,1.463096747404945e-04
1282,2.062985088666599e-03,2.938720383254747e-04
1283,2.052951567259764e-03,4.439942404355947e-04
1284,2.038665270726331e-03,5.980236857296776e-04
1285,2.019934671402425e-03,7.574344000140894e-04
1286,1.996572377349072e-03,9.239259750993991e-04
1287,1.968430723959215e-03,1.099573528154445e-03
1288,1.935424814528033e-03,1.287075245355749e-03
1289,1.897573161611697e-03,1.490089508724922e-03
1290,1.854935368838403e-03,1.713875941053232e-03
1291,1.626123815406500e-03,1.753151501151801e-03
1292,1.415923989938487e-03,1.789376534498729e-03
1293,1.219068906261649e-03,1.822096202235633e-03
1294,1.031810050729534e-03,1.851001176240171e-03
1295,8.514816349391756e-04,1.875829955139454e-03
1296,6.761484847125838e-04,1.896376477214409e-03
1297,5.043589325466277e-04,1.912490174908505e-03
1298,3.349948320895640e-04,1.924065300028664e-03
1299,1.671296892467501e-04,1.931036366179256e-03
1300,-2.506335723862967e-19,1.933363886187827e-03
1301,-1.671296892467493e-04,1.931036366179256e-03
1302,-3.349948320895625e-04,1.924065300028665e-03
1303,-5.043589325466280e-04,1.912490174908506e-03
1304,-6.761484847125832e-04,1.896376477214409e-03
1305,-8.514816349391761e-04,1.875829955139454e-03
1306,-1.031810050729532e-03,1.851001176240173e-03
1307,-1.219068906261648e-03,1.822096202235634e-03
1308,-1.415923989938487e-03,1.789376534498730e-03
1309,-1.626123815406499e-03,1.753151501151802e-03
1310,-1.854935368838403e-03,1.713875941053234e-03
1311,-1.897573161611696e-03,1.490089508724925e-03
1312,-1.935424814528032e-03,1.287075245355751e-03
1313,-1.968430723959214e-03,1.099573528154446e-03
1314,-1.996572377349072e-03,9.239259750994003e-04
1315,-2.019934671402425e-03,7.574344000140911e-04
1316,-2.038665270726331e-03,5.980236857296779e-04
1317,-2.052951567259765e-03,4.439942404355936e-04
1318,-2.062985088666599e-03,2.938720383254739e-04
1319,-2.068930432744029e-03,1.463096747404961e-04
1320,-2.070899727737374e-03,3.233980736210403e-19
1321,-2.403221017084174e-03,-1.745028817780847e-04
1322,-2.397953743758782e-03,-3.506750163166100e-04
1323,-2.389064552657699e-03,-5.302621516611187e-04
1324,-2.376407618480442e-03,-7.151052767190234e-04
1325,-2.359813257430433e-03,-9.072552318913938e-04
1326,-2.339115449753613e-03,-1.109110268641594e-03
1327,-2.314183372097162e-03,-1.323618224275417e-03
1328,-2.284941810286279e-03,-1.554596870933803e-03
1329,-2.251407165506835e-03,-1.807186303314284e-03
1330,-2.213632243550524e-03,-2.088660744577341e-03
1331,-1.927705799846381e-03,-2.123456898904613e-03
1332,-1.668750323873094e-03,-2.155550441242059e-03
1333,-1.429485068887662e-03,-2.184538407428997e-03
1334,-1.204690088144104e-03,-2.210146748437084e-03
1335,-9.905763122857567e-04,-2.232143787312377e-03
1336,-7.843198863992919e-04,-2.250346963822516e-03
1337,-5.837422073838717e-04,-2.264622882748679e-03
1338,-3.871077259862549e-04,-2.274877856554978e-03
1339,-1.929483587117686e-04,-2.281053867616128e-03
1340,-2.170036830596788e-19,-2.283115932299987e-03
1341,1.929483587117675e-04,-2.281053867616128e-03
1342,3.871077259862544e-04,-2.274877856554978e-03
1343,5.837422073838716e-04,-2.264622882748679e-03
1344,7.843198863992902e-04,-2.250346963822516e-03
1345,9.905763122857573e-04,-2.232143787312377e-03
1346,1.204690088144105e-03,-2.210146748437083e-03
1347,1.429485068887660e-03,-2.184538407428997e-03
1348,1.668750323873095e-03,-2.155550441242058e-03
1349,1.927705799846381e-03,-2.123456898904613e-03
1350,2.213632243550525e-03,-2.088660744577341e-03
1351,2.251407165506836e-03,-1.807186303314283e-03
1352,2.284941810286279e-03,-1.554596870933803e-03
1353,2.314183372097162e-03,-1.323618224275417e-03
1354,2.339115449753613e-03,-1.109110268641594e-03
1355,2.359813257430433e-03,-9.072552318913946e-04
1356,2.376407618480442e-03,-7.151052767190233e-04
1357,2.389064552657699e-03,-5.302621516611181e-04
1358,2.397953743758782e-03,-3.506750163166097e-04
1359,2.403221017084174e-03,-1.745028817780846e-04
1360,2.404965712572471e-03,-3.649569968180958e-19
1361,2.403221017084174e-03,1.745028817780841e-04
1362,2.397953743758782e-03,3.506750163166100e-04
1363,2.389064552657700e-03,5.302621516611176e-04
1364,2.376407618480442e-03,7.151052767190230e-04
1365,2.359813257430434e-03,9.072552318913927e-04
1366,2.339115449753613e-03,1.109110268641593e-03
1367,2.314183372097163e-03,1.323618224275416e-03
1368,2.284941810286279e-03,1.554596870933803e-03
1369,2.251407165506836e-03,1.807186303314282e-03
1370,2.213632243550526e-03,2.088660744577340e-03
1371,1.927705799846383e-03,2.123456898904613e-03
1372,1.668750323873095e-03,2.155550441242058e-03
1373,1.429485068887660e-03,2.184538407428997e-03
1374,1.204690088144106e-03,2.210146748437083e-03
1375,9.905763122857580e-04,2.232143787312377e-03
1376,7.843198863992912e-04,2.250346963822516e-03
1377,5.837422073838705e-04,2.264622882748679e-03
1378,3.871077259862551e-04,2.274877856554978e-03
1379,1.929483587117698e-04,2.281053867616128e-03
1380,-1.871306726353226e-19,2.283115932299988e-03
1381,-1.929483587117689e-04,2.281053867616128e-03
1382,-3.871077259862537e-04,2.274877856554979e-03
1383,-5.837422073838708e-04,2.264622882748680e-03
1384,-7.843198863992907e-04,2.250346963822517e-03
1385,-9.905763122857582e-04,2.232143787312377e-03
1386,-1.204690088144105e-03,2.210146748437084e-03
1387,-1.429485068887660e-03,2.184538407428997e-03
1388,-1.668750323873094e-03,2.155550441242059e-03
1389,-1.927705799846382e-03,2.123456898904614e-03
1390,-2.213632243550525e-03,2.088660744577341e-03
1391,-2.251407165506835e-03,1.807186303314286e-03
1392,-2.284941810286279e-03,1.554596870933805e-03
1393,-2.314183372097162e-03,1.323618224275417e-03
1394,-2.339115449753613e-03,1.109110268641594e-03
1395,-2.359813257430434e-03,9.072552318913945e-04
1396,-2.376407618480442e-03,7.151052767190233e-04
1397,-2.389064552657700e-03,5.302621516611165e-04
1398,-2.397953743758782e-03,3.506750163166094e-04
1399,-2.403221017084174e-03,1.745028817780858e-04
1400,-2.404965712572471e-03,3.563502140691413e-19
1401,-2.832458617235838e-03,-2.107036756271884e-04
1402,-2.828062003976786e-03,-4.236114826622306e-04
1403,-2.820642162050439e-03,-6.410323405901088e-04
1404,-2.810077370518845e-03,-8.654410130288129e-04
1405,-2.796225993665805e-03,-1.099628984968163e-03
1406,-2.778949454165463e-03,-1.346891604609324e-03
1407,-2.758138553263159e-03,-1.611297304078102e-03
1408,-2.733730509398534e-03,-1.898101432327476e-03
1409,-2.705739012704379e-03,-2.214346640761387e-03
1410,-2.674208140377674e-03,-2.569893950578479e-03
1411,-2.314944727037446e-03,-2.598938434133533e-03
1412,-1.993385757585493e-03,-2.625727037088797e-03
1413,-1.699664765563807e-03,-2.649923403712885e-03
1414,-1.426672446757158e-03,-2.671298784230112e-03
1415,-1.169177410536753e-03,-2.689659796997912e-03
1416,-9.232147133555894e-04,-2.704854058289715e-03
1417,-6.856723483436519e-04,-2.716770222604438e-03
1418,-4.540220052422136e-04,-2.725330088596328e-03
1419,-2.261001860124072e-04,-2.730485228730903e-03
1420,-1.305264530401593e-19,-2.732206442036159e-03
1421,2.261001860124063e-04,-2.730485228730903e-03
1422,4.540220052422133e-04,-2.725330088596328e-03
1423,6.856723483436518e-04,-2.716770222604438e-03
1424,9.232147133555883e-04,-2.704854058289716e-03
1425,1.169177410536754e-03,-2.689659796997911e-03
1426,1.426672446757159e-03,-2.671298784230111e-03
1427,1.699664765563807e-03,-2.649923403712885e-03
1428,1.993385757585494e-03,-2.625727037088796e-03
1429,2.314944727037446e-03,-2.598938434133532e-03
1430,2.674208140377674e-03,-2.569893950578478e-03
1431,2.705739012704380e-03,-2.214346640761386e-03
1432,2.733730509398534e-03,-1.898101432327476e-03
1433,2.758138553263159e-03,-1.611297304078102e-03
1434,2.778949454165463e-03,-1.346891604609323e-03
1435,2.796225993665804e-03,-1.099628984968163e-03
1436,2.810077370518845e-03,-8.654410130288126e-04
1437,2.820642162050439e-03,-6.410323405901081e-04
1438,2.828062003976786e-03,-4.236114826622302e-04
1439,2.832458617235838e-03,-2.107036756271882e-04
1440,2.833914921255582e-03,-3.046310058487535e-19
1441,2.832458617235838e-03,2.107036756271878e-04
1442,2.828062003976786e-03,4.236114826622304e-04
1443,2.820642162050439e-03,6.410323405901077e-04
1444,2.810077370518846e-03,8.654410130288124e-04
1445,2.796225993665805e-03,1.099628984968161e-03
1446,2.778949454165464e-03,1.346891604609323e-03
1447,2.758138553263160e-03,1.611297304078101e-03
1448,2.733730509398534e-03,1.898101432327476e-03
1449,2.705739012704380e-03,2.214346640761386e-03
1450,2.674208140377675e-03,2.569893950578478e-03
1451,2.314944727037449e-03,2.598938434133533e-03
1452,1.993385757585494e-03,2.625727037088796e-03
1453,1.699664765563806e-03,2.649923403712885e-03
1454,1.426672446757159e-03,2.671298784230112e-03
1455,1.169177410536754e-03,2.689659796997912e-03
1456,9.232147133555890e-04,2.704854058289716e-03
1457,6.856723483436505e-04,2.716770222604439e-03
1458,4.540220052422139e-04,2.725330088596328e-03
1459,2.261001860124086e-04,2.730485228730904e-03
1460,-1.055913365945423e-19,2.732206442036159e-03
1461,-2.261001860124078e-04,2.730485228730904e-03
1462,-4.540220052422126e-04,2.725330088596328e-03
1463,-6.856723483436507e-04,2.716770222604439e-03
1464,-9.232147133555885e-04,2.704854058289716e-03
1465,-1.169177410536755e-03,2.689659796997912e-03
1466,-1.426672446757158e-03,2.671298784230112e-03
1467,-1.699664765563805e-03,2.649923403712885e-03
1468,-1.993385757585493e-03,2.625727037088797e-03
1469,-2.314944727037447e-03,2.598938434133533e-03
1470,-2.674208140377674e-03,2.569893950578479e-03
1471,-2.705739012704379e-03,2.214346640761390e-03
1472,-2.733730509398534e-03,1.898101432327478e-03
1473,-2.758138553263159e-03,1.611297304078101e-03
1474,-2.778949454165463e-03,1.346891604609324e-03
1475,-2.796225993665805e-03,1.099628984968164e-03
1476,-2.810077370518846e-03,8.654410130288128e-04
1477,-2.820642162050439e-03,6.410323405901066e-04
1478,-2.828062003976786e-03,4.236114826622301e-04
1479,-2.832458617235838e-03,2.107036756271897e-04
1480,-2.833914921255582e-03,3.986615992782787e-19
1481,-3.383610716301763e-03,-2.571864243675983e-04
1482,-3.380332052921674e-03,-5.172637780590838e-04
1483,-3.374798893060528e-03,-7.832641071468376e-04
1484,-3.366920466400736e-03,-1.058475958249095e-03
1485,-3.356591151681416e-03,-1.346641823023329e-03
1486,-3.343707608359106e-03,-1.652208944914574e-03
1487,-3.328188404218379e-03,-1.980684628568270e-03
1488,-3.309986721495024e-03,-2.339170108473156e-03
1489,-3.289112769260069e-03,-2.737150967691439e-03
1490,-3.265599416970781e-03,-3.187809742517572e-03
1491,-2.812169451726012e-03,-3.209468933129689e-03
1492,-2.410225989332540e-03,-3.229445857716437e-03
1493,-2.046582432831161e-03,-3.247489687479785e-03
1494,-1.711703494507775e-03,-3.263429838047502e-03
1495,-1.398505806189266e-03,-3.277122099940038e-03
1496,-1.101559237226083e-03,-3.288452836839032e-03
1497,-8.165532663438887e-04,-3.297339015647089e-03
1498,-5.399416577991522e-04,-3.303722319684192e-03
1499,-2.686679834238221e-04,-3.307566635338670e-03
1500,-1.948746943335431e-20,-3.308850186722600e-03
1501,2.686679834238216e-04,-3.307566635338670e-03
1502,5.399416577991521e-04,-3.303722319684192e-03
1503,8.165532663438887e-04,-3.297339015647090e-03
1504,1.101559237226082e-03,-3.288452836839033e-03
1505,1.398505806189267e-03,-3.277122099940038e-03
1506,1.711703494507775e-03,-3.263429838047501e-03
1507,2.046582432831161e-03,-3.247489687479785e-03
1508,2.410225989332541e-03,-3.229445857716436e-03
1509,2.812169451726013e-03,-3.209468933129688e-03
1510,3.265599416970781e-03,-3.187809742517572e-03
1511,3.289112769260069e-03,-2.737150967691438e-03
1512,3.309986721495024e-03,-2.339170108473155e-03
1513,3.328188404218379e-03,-1.980684628568269e-03
1514,3.343707608359106e-03,-1.652208944914573e-03
1515,3.356591151681415e-03,-1.346641823023329e-03
1516,3.366920466400736e-03,-1.058475958249095e-03
1517,3.374798893060528e-03,-7.832641071468369e-04
1518,3.380332052921674e-03,-5.172637780590833e-04
1519,3.383610716301763e-03,-2.571864243675980e-04
1520,3.384696718271570e-03,-2.271708846029980e-19
1521,3.383610716301763e-03,2.571864243675977e-04
1522,3.380332052921674e-03,5.172637780590835e-04
1523,3.374798893060528e-03,7.832641071468365e-04
1524,3.366920466400736e-03,1.058475958249095e-03
1525,3.356591151681416e-03,1.346641823023327e-03
1526,3.343707608359106e-03,1.652208944914572e-03
1527,3.328188404218379e-03,1.980684628568269e-03
1528,3.309986721495024e-03,2.339170108473155e-03
1529,3.289112769260069e-03,2.737150967691437e-03
1530,3.265599416970782e-03,3.187809742517571e-03
1531,2.812169451726016e-03,3.209468933129688e-03
1532,2.410225989332541e-03,3.229445857716436e-03
1533,2.046582432831160e-03,3.247489687479785e-03
1534,1.711703494507776e-03,3.263429838047502e-03
1535,1.398505806189268e-03,3.277122099940039e-03
1536,1.101559237226083e-03,3.288452836839033e-03
1537,8.165532663438872e-04,3.297339015647090e-03
1538,5.399416577991525e-04,3.303722319684192e-03
1539,2.686679834238239e-04,3.307566635338670e-03
1540,-8.927356345171184e-22,3.308850186722600e-03
1541,-2.686679834238231e-04,3.307566635338670e-03
1542,-5.399416577991515e-04,3.303722319684192e-03
1543,-8.165532663438874e-04,3.297339015647090e-03
1544,-1.101559237226082e-03,3.288452836839033e-03
1545,-1.398505806189268e-03,3.277122099940038e-03
1546,-1.711703494507775e-03,3.263429838047502e-03
1547,-2.046582432831158e-03,3.247489687479785e-03
1548,-2.410225989332540e-03,3.229445857716437e-03
1549,-2.812169451726014e-03,3.209468933129689e-03
1550,-3.265599416970781e-03,3.187809742517572e-03
1551,-3.289112769260069e-03,2.737150967691442e-03
1552,-3.309986721495023e-03,2.339170108473157e-03
1553,-3.328188404218379e-03,1.980684628568269e-03
1554,-3.343707608359106e-03,1.652208944914574e-03
1555,-3.356591151681416e-03,1.346641823023330e-03
1556,-3.366920466400736e-03,1.058475958249095e-03
1557,-3.374798893060528e-03,7.832641071468354e-04
1558,-3.380332052921674e-03,5.172637780590833e-04
1559,-3.383610716301763e-03,2.571864243675998e-04
1560,-3.384696718271570e-03,4.529905042114981e-19
1561,-4.091303829807913e-03,-3.168714391505865e-04
1562,-4.089460642101286e-03,-6.375156733684202e-04
1563,-4.086350029314135e-03,-9.658932613940963e-04
1564,-4.081920962501398e-03,-1.306337667621067e-03
1565,-4.076114063865767e-03,-1.663812500111399e-03
1566,-4.068871237775817e-03,-2.044244064683198e-03
1567,-4.060146704948650e-03,-2.454987214372057e-03
1568,-4.049914145534544e-03,-2.905513346974068e-03
1569,-4.038179298833953e-03,-3.408444831049038e-03
1570,-4.024960643285355e-03,-3.981229111550382e-03
1571,-3.450618464482108e-03,-3.993405400862112e-03
1572,-2.945459297777959e-03,-4.004635959643510e-03
1573,-2.492033415408945e-03,-4.014779777823273e-03
1574,-2.077690506024947e-03,-4.023740956865508e-03
1575,-1.692969215853763e-03,-4.031438425580808e-03
1576,-1.330558077271478e-03,-4.037808300294413e-03
1577,-9.846076464598424e-04,-4.042803901745103e-03
1578,-6.502646458317414e-04,-4.046392445662207e-03
1579,-3.233261025459991e-04,-4.048553629819677e-03
1580,1.230893694509311e-19,-4.049275212323710e-03
1581,3.233261025459990e-04,-4.048553629819677e-03
1582,6.502646458317416e-04,-4.046392445662207e-03
1583,9.846076464598422e-04,-4.042803901745104e-03
1584,1.330558077271478e-03,-4.037808300294413e-03
1585,1.692969215853764e-03,-4.031438425580808e-03
1586,2.077690506024947e-03,-4.023740956865507e-03
1587,2.492033415408945e-03,-4.014779777823273e-03
1588,2.945459297777961e-03,-4.004635959643510e-03
1589,3.450618464482109e-03,-3.993405400862112e-03
1590,4.024960643285356e-03,-3.981229111550382e-03
1591,4.038179298833954e-03,-3.408444831049037e-03
1592,4.049914145534544e-03,-2.905513346974067e-03
1593,4.060146704948649e-03,-2.454987214372056e-03
1594,4.068871237775816e-03,-2.044244064683197e-03
1595,4.076114063865767e-03,-1.663812500111398e-03
1596,4.081920962501398e-03,-1.306337667621066e-03
1597,4.086350029314136e-03,-9.658932613940954e-04
1598,4.089460642101286e-03,-6.375156733684197e-04
1599,4.091303829807913e-03,-3.168714391505861e-04
1600,4.091914354661509e-03,-1.277101468685752e-19
1601,4.091303829807913e-03,3.168714391505859e-04
1602,4.089460642101286e-03,6.375156733684197e-04
1603,4.086350029314136e-03,9.658932613940952e-04
1604,4.081920962501398e-03,1.306337667621066e-03
1605,4.076114063865768e-03,1.663812500111397e-03
1606,4.068871237775817e-03,2.044244064683197e-03
1607,4.060146704948650e-03,2.454987214372056e-03
1608,4.049914145534544e-03,2.905513346974067e-03
1609,4.038179298833954e-03,3.408444831049036e-03
1610,4.024960643285356e-03,3.981229111550381e-03
1611,3.450618464482113e-03,3.993405400862112e-03
1612,2.945459297777961e-03,4.004635959643510e-03
1613,2.492033415408943e-03,4.014779777823273e-03
1614,2.077690506024947e-03,4.023740956865508e-03
1615,1.692969215853765e-03,4.031438425580809e-03
1616,1.330558077271478e-03,4.037808300294413e-03
1617,9.846076464598407e-04,4.042803901745104e-03
1618,6.502646458317418e-04,4.046392445662207e-03
1619,3.233261025460013e-04,4.048553629819678e-03
1620,1.335428929672991e-19,4.049275212323710e-03
1621,-3.233261025460007e-04,4.048553629819677e-03
1622,-6.502646458317410e-04,4.046392445662207e-03
1623,-9.846076464598407e-04,4.042803901745103e-03
1624,-1.330558077271477e-03,4.037808300294413e-03
1625,-1.692969215853765e-03,4.031438425580808e-03
1626,-2.077690506024947e-03,4.023740956865508e-03
1627,-2.492033415408941e-03,4.014779777823273e-03
1628,-2.945459297777959e-03,4.004635959643510e-03
1629,-3.450618464482110e-03,3.993405400862112e-03
1630,-4.024960643285355e-03,3.981229111550382e-03
1631,-4.038179298833953e-03,3.408444831049042e-03
1632,-4.049914145534544e-03,2.905513346974069e-03
1633,-4.060146704948650e-03,2.454987214372054e-03
1634,-4.068871237775817e-03,2.044244064683198e-03
1635,-4.076114063865768e-03,1.663812500111400e-03
1636,-4.081920962501398e-03,1.306337667621067e-03
1637,-4.086350029314136e-03,9.658932613940942e-04
1638,-4.089460642101286e-03,6.375156733684200e-04
1639,-4.091303829807913e-03,3.168714391505883e-04
1640,-4.091914354661509e-03,5.227501802623203e-19
1641,-5.000000000000000e-03,-3.935085341230929e-04
1642,-5.000000000000000e-03,-7.919222016226821e-04
1643,-5.000000000000000e-03,-1.200393795400581e-03
1644,-5.000000000000000e-03,-1.624598481164532e-03
1645,-5.000000000000000e-03,-2.071067811865476e-03
1646,-5.000000000000000e-03,-2.547627247472145e-03
1647,-5.000000000000000e-03,-3.064003940699661e-03
1648,-5.000000000000000e-03,-3.632712640026806e-03
1649,-5.000000000000000e-03,-4.270403427317334e-03
1650,-5.000000000000000e-03,-5.000000000000000e-03
1651,-4.270403427317332e-03,-5.000000000000000e-03
1652,-3.632712640026804e-03,-5.000000000000000e-03
1653,-3.064003940699660e-03,-5.000000000000000e-03
1654,-2.547627247472144e-03,-5.000000000000000e-03
1655,-2.071067811865475e-03,-5.000000000000000e-03
1656,-1.624598481164531e-03,-5.000000000000000e-03
1657,-1.200393795400580e-03,-5.000000000000000e-03
1658,-7.919222016226811e-04,-5.000000000000000e-03
1659,-3.935085341230920e-04,-5.000000000000000e-03
1660,3.061616997868383e-19,-5.000000000000000e-03
1661,3.935085341230925e-04,-5.000000000000000e-03
1662,7.919222016226817e-04,-5.000000000000000e-03
1663,1.200393795400580e-03,-5.000000000000000e-03
1664,1.624598481164532e-03,-5.000000000000000e-03
1665,2.071067811865476e-03,-5.000000000000000e-03
1666,2.547627247472144e-03,-5.000000000000000e-03
1667,3.064003940699661e-03,-5.000000000000000e-03
1668,3.632712640026806e-03,-5.000000000000000e-03
1669,4.270403427317334e-03,-5.000000000000000e-03
1670,5.000000000000000e-03,-5.000000000000000e-03
1671,5.000000000000000e-03,-4.270403427317332e-03
1672,5.000000000000000e-03,-3.632712640026804e-03
1673,5.000000000000000e-03,-3.064003940699660e-03
1674,5.000000000000000e-03,-2.547627247472144e-03
1675,5.000000000000000e-03,-2.071067811865475e-03
1676,5.000000000000000e-03,-1.624598481164531e-03
1677,5.000000000000000e-03,-1.200393795400580e-03
1678,5.000000000000000e-03,-7.919222016226814e-04
1679,5.000000000000000e-03,-3.935085341230923e-04
1680,5.000000000000000e-03,0.000000000000000e+00
1681,5.000000000000000e-03,3.935085341230923e-04
1682,5.000000000000000e-03,7.919222016226814e-04
1683,5.000000000000000e-03,1.200393795400580e-03
1684,5.000000000000000e-03,1.624598481164531e-03
1685,5.000000000000000e-03,2.071067811865475e-03
1686,5.000000000000000e-03,2.547627247472144e-03
1687,5.000000000000000e-03,3.064003940699660e-03
1688,5.000000000000000e-03,3.632712640026804e-03
1689,5.000000000000000e-03,4.270403427317332e-03
1690,5.000000000000000e-03,5.000000000000000e-03
1691,4.270403427317339e-03,5.000000000000000e-03
1692,3.632712640026806e-03,5.000000000000000e-03
1693,3.064003940699658e-03,5.000000000000000e-03
1694,2.547627247472144e-03,5.000000000000000e-03
1695,2.071067811865478e-03,5.000000000000000e-03
1696,1.624598481164532e-03,5.000000000000000e-03
1697,1.200393795400578e-03,5.000000000000000e-03
1698,7.919222016226817e-04,5.000000000000000e-03
1699,3.935085341230948e-04,5.000000000000000e-03
1700,3.061616997868383e-19,5.000000000000000e-03
1701,-3.935085341230942e-04,5.000000000000000e-03
1702,-7.919222016226811e-04,5.000000000000000e-03
1703,-1.200393795400578e-03,5.000000000000000e-03
1704,-1.624598481164531e-03,5.000000000000000e-03
1705,-2.071067811865477e-03,5.000000000000000e-03
1706,-2.547627247472144e-03,5.000000000000000e-03
1707,-3.064003940699656e-03,5.000000000000000e-03
1708,-3.632712640026804e-03,5.000000000000000e-03
1709,-4.270403427317336e-03,5.000000000000000e-03
1710,-5.000000000000000e-03,5.000000000000000e-03
1711,-5.000000000000000e-03,4.270403427317339e-03
1712,-5.000000000000000e-03,3.632712640026806e-03
1713,-5.000000000000000e-03,3.064003940699658e-03
1714,-5.000000000000000e-03,2.547627247472145e-03
1715,-5.000000000000000e-03,2.071067811865478e-03
1716,-5.000000000000000e-03,1.624598481164532e-03
1717,-5.000000000000000e-03,1.200393795400579e-03
1718,-5.000000000000000e-03,7.919222016226821e-04
1719,-5.000000000000000e-03,3.935085341230951e-04
1720,-5.000000000000000e-03,6.123233995736766e-19
